chave;nome;endereco;bairro_tse;bairro_ibge;regiao;cep;lat;lon;aptos;aptos_2022;aptos_2024;n_secoes_2022;comparecimento_22;abstencao_22;validos_dep_est_22;votos_novo_dep_est_22;pct_novo_dep_est_22;votos_pl_dep_est_22;pct_pl_dep_est_22;votos_direita_dep_est_22;pct_direita_dep_est_22;validos_dep_fed_22;votos_novo_dep_fed_22;pct_novo_dep_fed_22;votos_pl_dep_fed_22;pct_pl_dep_fed_22;votos_direita_dep_fed_22;pct_direita_dep_fed_22;votos_bolsonaro_22;pct_bolsonaro_22;votos_gov_novo_22;pct_gov_novo_22;votos_gov_pl_22;pct_gov_pl_22;validos_ver_24;votos_novo_ver_24;pct_novo_ver_24;votos_pl_ver_24;pct_pl_ver_24;votos_direita_ver_24;pct_direita_ver_24;top3_vereadores_direita;prefeito_lider_24;prefeito_2024_pct;votos_matheus_22;penetracao_matheus;pct_16a24;pct_60mais;pct_superior;pct_feminino;comp_potencial;comp_liberal;comp_densidade;comp_consistencia;flag_pequeno;score
Z12-L1708;COLEGIO CATARINENSE;RUA ESTEVES JÚNIOR, N. 711;CENTRO;Centro;Centro;88015130;-27,5889;-48,5534;7940,0000;7940,0000;8211,0000;20,0000;6525,0000;0,1782;6273,0000;458,0000;0,0730;1472,0000;0,2347;1930,0000;0,3077;6209,0000;1353,0000;0,2179;1506,0000;0,2426;2859,0000;0,4605;3805,0000;0,5934;334,0000;0,0526;1791,0000;0,2820;5702,0000;524,0000;0,0919;1246,0000;0,2185;1770,0000;0,3104;Manoella Vieira Da Silva (PL, 365 votos) | Ingo Camara Althoff (PL, 241 votos) | Thiago Jose De Chaves (NOVO, 171 votos);Topazio Silveira Neto (69,2%);"{""Topazio Silveira Neto"": 69.2, ""Marcos José De Abreu"": 17.2, ""Pedro De Assis Silvestre"": 7.8, ""Vanderlei Farias"": 3.0, ""Dário Elias Berger"": 2.6, ""Rogerio Silva Portanova"": 0.2, ""Brunno Andrade Dias"": 0.0}";3,0000;0,0016;0,0903;0,2995;0,6495;0,5399;1,0000;0,6775;0,9202;0,9904;False;100,0000
Z12-L1015;CENTRO EDUCACIONAL MENINO JESUS;RUA ESTEVES JÚNIOR, N. 969;CENTRO;Centro;Centro;88015130;-27,5883;-48,5534;6583,0000;6583,0000;6638,0000;17,0000;5522,0000;0,1612;5290,0000;450,0000;0,0851;1098,0000;0,2076;1548,0000;0,2926;5242,0000;1190,0000;0,2270;1121,0000;0,2138;2311,0000;0,4409;2813,0000;0,5206;252,0000;0,0472;1316,0000;0,2464;4532,0000;447,0000;0,0986;953,0000;0,2103;1400,0000;0,3089;Manoella Vieira Da Silva (PL, 317 votos) | Ingo Camara Althoff (PL, 193 votos) | Thiago Jose De Chaves (NOVO, 127 votos);Topazio Silveira Neto (64,8%);"{""Topazio Silveira Neto"": 64.8, ""Marcos José De Abreu"": 20.6, ""Pedro De Assis Silvestre"": 8.4, ""Vanderlei Farias"": 3.5, ""Dário Elias Berger"": 2.2, ""Rogerio Silva Portanova"": 0.4, ""Mateus Souza"": 0.0, ""Brunno Andrade Dias"": 0.0, ""Carlos Rogério Muller"": 0.0}";2,0000;0,0013;0,1273;0,2353;0,6102;0,5593;0,8021;0,7610;0,7629;0,9386;False;89,2000
Z100-L1155;UDESC - CENTRO DE ARTES - CEART;AVENIDA MADRE BENVENUTA, 2007;ITACORUBI;Itacorubi;Centro;88035001;-27,5862;-48,5039;7937,0000;7937,0000;4231,0000;20,0000;6643,0000;0,1630;6241,0000;423,0000;0,0678;1006,0000;0,1612;1429,0000;0,2290;6147,0000;969,0000;0,1576;1016,0000;0,1653;1985,0000;0,3229;2745,0000;0,4204;227,0000;0,0357;1308,0000;0,2059;3052,0000;225,0000;0,0737;449,0000;0,1471;674,0000;0,2208;Manoella Vieira Da Silva (PL, 104 votos) | Rafael Luiz Marques Ary (NOVO, 57 votos) | João Ricardo Padilha Santos (PL, 46 votos);Topazio Silveira Neto (57,7%);"{""Topazio Silveira Neto"": 57.7, ""Marcos José De Abreu"": 24.4, ""Pedro De Assis Silvestre"": 7.4, ""Vanderlei Farias"": 5.6, ""Dário Elias Berger"": 4.2, ""Rogerio Silva Portanova"": 0.5, ""Brunno Andrade Dias"": 0.1, ""Mateus Souza"": 0.0}";9,0000;0,0063;0,1070;0,1814;0,5167;0,5466;0,7404;0,5899;0,9198;0,9698;False;85,7000
Z13-L1546;ESCOLA BÁSICA MUNICIPAL BRIGADEIRO EDUARDO GOMES;AVENIDA PEQUENO PRÍNCIPE, N. 2939;CAMPECHE;Campeche Leste;Sul da Ilha;88063000;-27,6866;-48,4852;8629,0000;8629,0000;8408,0000;23,0000;6975,0000;0,1917;6443,0000;255,0000;0,0396;1144,0000;0,1776;1399,0000;0,2171;6308,0000;693,0000;0,1099;1238,0000;0,1963;1931,0000;0,3061;2856,0000;0,4122;164,0000;0,0249;1346,0000;0,2041;5454,0000;152,0000;0,0279;1331,0000;0,2440;1483,0000;0,2719;Gilberto Alcebiades Pinheiro (PL, 746 votos) | Manoella Vieira Da Silva (PL, 117 votos) | Katia Chubaci (PL, 86 votos);Topazio Silveira Neto (47,4%);"{""Topazio Silveira Neto"": 47.4, ""Marcos José De Abreu"": 34.4, ""Dário Elias Berger"": 6.0, ""Vanderlei Farias"": 5.9, ""Pedro De Assis Silvestre"": 5.8, ""Rogerio Silva Portanova"": 0.4, ""Brunno Andrade Dias"": 0.0, ""Carlos Rogério Muller"": 0.0, ""Mateus Souza"": 0.0}";0,0000;0,0000;0,0730;0,1899;0,3748;0,5301;0,7249;0,2934;1,0000;0,7912;False;75,6000
Z12-L2089;COLÉGIO SALVATORIANO NOSSA SENHORA DE FÁTIMA;RUA AFONSO PENA, N. 1264;ESTREITO;Coloninha;Continente;88070650;-27,5922;-48,5880;6735,0000;6735,0000;6607,0000;17,0000;5785,0000;0,1411;5425,0000;232,0000;0,0428;1130,0000;0,2083;1362,0000;0,2511;5310,0000;758,0000;0,1427;1231,0000;0,2318;1989,0000;0,3746;2985,0000;0,5288;153,0000;0,0276;1454,0000;0,2618;4620,0000;214,0000;0,0463;797,0000;0,1725;1011,0000;0,2188;Manoella Vieira Da Silva (PL, 178 votos) | João Ricardo Padilha Santos (PL, 80 votos) | Pedro Neves Bueno Cordoba (PL, 65 votos);Topazio Silveira Neto (59,1%);"{""Topazio Silveira Neto"": 59.1, ""Marcos José De Abreu"": 18.5, ""Pedro De Assis Silvestre"": 12.9, ""Vanderlei Farias"": 5.2, ""Dário Elias Berger"": 4.2, ""Rogerio Silva Portanova"": 0.1}";1,0000;0,0007;0,1157;0,1964;0,4042;0,5415;0,7057;0,3716;0,7805;0,8775;False;73,5000
Z100-L1732;ESCOLA BÁSICA MUNICIPAL PROFESSORA HERONDINA MEDEIROS ZEFERINO;RUA TRÊS MARIAS, 1072;INGLESES;Ingleses Centro;Norte da Ilha;88058648;-27,4356;-48,4099;7693,0000;7693,0000;9413,0000;20,0000;5901,0000;0,2329;5234,0000;190,0000;0,0363;1158,0000;0,2212;1348,0000;0,2575;5179,0000;486,0000;0,0938;1202,0000;0,2321;1688,0000;0,3259;2820,0000;0,4698;84,0000;0,0152;1320,0000;0,2381;5464,0000;176,0000;0,0322;1022,0000;0,1870;1198,0000;0,2193;João Paulo Ferreira (PL, 318 votos) | Marcelo Fernando De Oliveira (PL, 149 votos) | Manuel Cristovão Augusto Junior (PL, 139 votos);Topazio Silveira Neto (65,9%);"{""Topazio Silveira Neto"": 65.9, ""Marcos José De Abreu"": 16.6, ""Dário Elias Berger"": 6.5, ""Vanderlei Farias"": 6.5, ""Pedro De Assis Silvestre"": 4.2, ""Carlos Rogério Muller"": 0.1, ""Brunno Andrade Dias"": 0.1, ""Rogerio Silva Portanova"": 0.1}";3,0000;0,0022;0,2146;0,1198;0,2411;0,5493;0,6984;0,2915;0,8915;0,8543;False;73,0000
Z12-L2046;ESCOLA DE EDUCAÇÃO BÁSICA ADERBAL RAMOS DA SILVA;RUA CORONEL PEDRO DEMORO, N. 1998;ESTREITO;Balneário;Continente;88075300;-27,5819;-48,5823;5836,0000;5836,0000;5836,0000;16,0000;4808,0000;0,1761;4475,0000;166,0000;0,0371;987,0000;0,2206;1153,0000;0,2577;4372,0000;501,0000;0,1146;1124,0000;0,2571;1625,0000;0,3717;2541,0000;0,5441;89,0000;0,0195;1340,0000;0,2934;3972,0000;183,0000;0,0461;627,0000;0,1579;810,0000;0,2039;Manoella Vieira Da Silva (PL, 127 votos) | Pedro Neves Bueno Cordoba (PL, 76 votos) | Fabricio Rodrigo Correia De Mello (PL, 71 votos);Topazio Silveira Neto (60,2%);"{""Topazio Silveira Neto"": 60.2, ""Marcos José De Abreu"": 17.7, ""Pedro De Assis Silvestre"": 11.6, ""Vanderlei Farias"": 5.7, ""Dário Elias Berger"": 4.5, ""Rogerio Silva Portanova"": 0.1, ""Carlos Rogério Muller"": 0.1, ""Mateus Souza"": 0.1, ""Brunno Andrade Dias"": 0.1}";2,0000;0,0017;0,0999;0,3352;0,3501;0,5504;0,5974;0,3421;0,6763;0,7953;False;64,2000
Z100-L1465;JURERÊ SPORTS CENTER;AVENIDA DOS DOURADOS, 481;JURERÊ INTERNACIONAL;Jurere Oeste;Norte da Ilha;88053410;-27,4435;-48,5067;3188,0000;3188,0000;3122,0000;8,0000;2578,0000;0,1913;2457,0000;230,0000;0,0936;672,0000;0,2735;902,0000;0,3671;2443,0000;485,0000;0,1985;756,0000;0,3095;1241,0000;0,5080;1547,0000;0,6112;120,0000;0,0480;781,0000;0,3125;1993,0000;169,0000;0,0848;453,0000;0,2273;622,0000;0,3121;Manoella Vieira Da Silva (PL, 130 votos) | Ingo Camara Althoff (PL, 52 votos) | Ana Candida Martinelli Neves (PL, 47 votos);Topazio Silveira Neto (71,6%);"{""Topazio Silveira Neto"": 71.6, ""Marcos José De Abreu"": 14.6, ""Pedro De Assis Silvestre"": 7.3, ""Dário Elias Berger"": 3.3, ""Vanderlei Farias"": 3.0, ""Carlos Rogério Muller"": 0.0, ""Mateus Souza"": 0.0, ""Rogerio Silva Portanova"": 0.0}";2,0000;0,0022;0,0797;0,2977;0,6390;0,5251;0,4674;0,7575;0,3695;0,7903;False;63,1000
Z100-L1317;ESCOLA BASICA MUNICIPAL OSMAR CUNHA;RUA TERTULIANO DE BRITO XAVIER, 661;CANASVIEIRAS;Canasvieiras;Norte da Ilha;88054300;-27,4363;-48,4645;7037,0000;7037,0000;6941,0000;18,0000;5500,0000;0,2184;5008,0000;140,0000;0,0280;1028,0000;0,2053;1168,0000;0,2332;4927,0000;472,0000;0,0958;1048,0000;0,2127;1520,0000;0,3085;2792,0000;0,5081;63,0000;0,0121;1186,0000;0,2283;4374,0000;140,0000;0,0320;496,0000;0,1134;636,0000;0,1454;Giliard Eliezer Batista Torquato (PL, 80 votos) | Manoella Vieira Da Silva (PL, 72 votos) | João Paulo Ferreira (PL, 38 votos);Topazio Silveira Neto (68,3%);"{""Topazio Silveira Neto"": 68.3, ""Marcos José De Abreu"": 13.7, ""Dário Elias Berger"": 7.2, ""Vanderlei Farias"": 5.3, ""Pedro De Assis Silvestre"": 5.2, ""Carlos Rogério Muller"": 0.2, ""Rogerio Silva Portanova"": 0.1, ""Brunno Andrade Dias"": 0.0}";0,0000;0,0000;0,1191;0,1799;0,2250;0,5292;0,6052;0,2487;0,8155;0,6648;False;62,9000
Z100-L1180;ESCOLA BASICA JOSÉ DO VALLE PEREIRA;RODOVIA JOAO PAULO, 1268;JOÃO PAULO;João Paulo;Centro;88030300;-27,5621;-48,5158;4283,0000;4283,0000;4185,0000;11,0000;3713,0000;0,1331;3468,0000;227,0000;0,0655;601,0000;0,1733;828,0000;0,2388;3431,0000;518,0000;0,1510;634,0000;0,1848;1152,0000;0,3358;1724,0000;0,4736;142,0000;0,0400;758,0000;0,2136;3006,0000;229,0000;0,0762;483,0000;0,1607;712,0000;0,2369;Manoella Vieira Da Silva (PL, 128 votos) | Ingo Camara Althoff (PL, 58 votos) | Rafael Luiz Marques Ary (NOVO, 42 votos);Topazio Silveira Neto (62,8%);"{""Topazio Silveira Neto"": 62.8, ""Marcos José De Abreu"": 21.5, ""Pedro De Assis Silvestre"": 6.8, ""Vanderlei Farias"": 5.1, ""Dário Elias Berger"": 3.5, ""Rogerio Silva Portanova"": 0.3, ""Carlos Rogério Muller"": 0.1}";6,0000;0,0072;0,0915;0,2157;0,4238;0,5132;0,4290;0,5865;0,4963;0,9936;False;62,8000
Z13-L1325;ESCOLA DE EDUCACAO BASICA IDELFONSO LINHARES;RUA VER. OSVALDO BITTENCOURT, N. 206;CARIANOS;Carianos;Sul da Ilha;88047700;-27,6656;-48,5372;6484,0000;6484,0000;6333,0000;17,0000;5414,0000;0,1650;4843,0000;118,0000;0,0244;1142,0000;0,2358;1260,0000;0,2602;4796,0000;358,0000;0,0746;1529,0000;0,3188;1887,0000;0,3935;2794,0000;0,5417;88,0000;0,0175;1464,0000;0,2913;4338,0000;119,0000;0,0274;618,0000;0,1425;737,0000;0,1699;Gilberto Alcebiades Pinheiro (PL, 156 votos) | João Ricardo Padilha Santos (PL, 92 votos) | Manoella Vieira Da Silva (PL, 70 votos);Topazio Silveira Neto (63,9%);"{""Topazio Silveira Neto"": 63.9, ""Marcos José De Abreu"": 17.3, ""Pedro De Assis Silvestre"": 8.3, ""Vanderlei Farias"": 5.4, ""Dário Elias Berger"": 4.7, ""Rogerio Silva Portanova"": 0.2, ""Brunno Andrade Dias"": 0.0, ""Carlos Rogério Muller"": 0.0, ""Mateus Souza"": 0.0}";4,0000;0,0032;0,1178;0,2059;0,2481;0,5231;0,6528;0,2152;0,7514;0,6554;False;62,5000
Z100-L1740;UDESC - ESCOLA SUPERIOR DE ADMINISTRAÇÃO E GERÊNCIA - ESAG;AVENIDA MADRE BENVENUTA, 2037;ITACORUBI;Itacorubi;Centro;88035001;-27,5859;-48,5026;3181,0000;3181,0000;3289,0000;8,0000;2748,0000;0,1361;2589,0000;241,0000;0,0931;447,0000;0,1727;688,0000;0,2657;2564,0000;529,0000;0,2063;460,0000;0,1794;989,0000;0,3857;1211,0000;0,4507;159,0000;0,0597;569,0000;0,2135;2377,0000;244,0000;0,1027;421,0000;0,1771;665,0000;0,2798;Manoella Vieira Da Silva (PL, 138 votos) | Rafael Luiz Marques Ary (NOVO, 69 votos) | Ingo Camara Althoff (PL, 49 votos);Topazio Silveira Neto (58,8%);"{""Topazio Silveira Neto"": 58.8, ""Marcos José De Abreu"": 25.7, ""Pedro De Assis Silvestre"": 8.0, ""Vanderlei Farias"": 3.8, ""Dário Elias Berger"": 3.3, ""Mateus Souza"": 0.1, ""Rogerio Silva Portanova"": 0.1, ""Brunno Andrade Dias"": 0.1}";1,0000;0,0015;0,0431;0,1902;0,6583;0,5297;0,3565;0,8149;0,3686;0,9472;False;62,3000
Z13-L1562;ESCOLA BÁSICA MUNICIPAL JOÃO GONÇALVES PINHEIRO;RUA SILVIO LOPES ARAÚJO, S/N;RIO TAVARES;Rio Tavares do Norte;Sul da Ilha;88048391;-27,6505;-48,4777;6682,0000;6682,0000;6538,0000;17,0000;5428,0000;0,1877;4998,0000;205,0000;0,0410;739,0000;0,1479;944,0000;0,1889;4910,0000;479,0000;0,0976;795,0000;0,1619;1274,0000;0,2595;1976,0000;0,3770;122,0000;0,0239;958,0000;0,1874;4304,0000;113,0000;0,0263;802,0000;0,1863;915,0000;0,2126;Gilberto Alcebiades Pinheiro (PL, 356 votos) | Katia Chubaci (PL, 98 votos) | Manoella Vieira Da Silva (PL, 77 votos);Topazio Silveira Neto (47,1%);"{""Topazio Silveira Neto"": 47.1, ""Marcos José De Abreu"": 37.7, ""Dário Elias Berger"": 6.2, ""Vanderlei Farias"": 4.7, ""Pedro De Assis Silvestre"": 4.2, ""Rogerio Silva Portanova"": 0.1, ""Brunno Andrade Dias"": 0.0}";3,0000;0,0032;0,1030;0,1345;0,3839;0,5325;0,4891;0,2953;0,7744;0,9101;False;62,2000
Z12-L1805;CORAÇÃO DE JESUS - ASSOCIAÇÃO FRANCISCANA DE ENSINO BOM JESUS;RUA EMIR ROSA, N. 120;CENTRO;Centro;Centro;88020050;-27,5943;-48,5471;3423,0000;3423,0000;3424,0000;11,0000;2858,0000;0,1651;2709,0000;208,0000;0,0768;562,0000;0,2075;770,0000;0,2842;2671,0000;509,0000;0,1906;582,0000;0,2179;1091,0000;0,4085;1491,0000;0,5335;138,0000;0,0500;683,0000;0,2476;2402,0000;221,0000;0,0920;449,0000;0,1869;670,0000;0,2789;Manoella Vieira Da Silva (PL, 128 votos) | Thiago Jose De Chaves (NOVO, 79 votos) | Ingo Camara Althoff (PL, 65 votos);Topazio Silveira Neto (61,2%);"{""Topazio Silveira Neto"": 61.2, ""Marcos José De Abreu"": 21.1, ""Pedro De Assis Silvestre"": 10.3, ""Vanderlei Farias"": 4.2, ""Dário Elias Berger"": 2.7, ""Rogerio Silva Portanova"": 0.4, ""Carlos Rogério Muller"": 0.1, ""Mateus Souza"": 0.0}";0,0000;0,0000;0,0684;0,3024;0,6293;0,5603;0,3990;0,6969;0,3967;0,9806;False;62,1000
Z100-L1481;ESCOLA DE ENSINO BASICO LEONOR DE BARROS;RUA PASTOR WILLIAM RICHARD SCHISLER FILHO, 80;ITACORUBI;Itacorubi;Centro;88034101;-27,5758;-48,5084;5019,0000;5019,0000;4872,0000;13,0000;4248,0000;0,1536;3946,0000;220,0000;0,0558;628,0000;0,1591;848,0000;0,2149;3862,0000;603,0000;0,1561;590,0000;0,1528;1193,0000;0,3089;1722,0000;0,4041;134,0000;0,0331;759,0000;0,1877;3214,0000;218,0000;0,0678;539,0000;0,1677;757,0000;0,2355;Manoella Vieira Da Silva (PL, 135 votos) | Giliard Eliezer Batista Torquato (PL, 84 votos) | Rafael Luiz Marques Ary (NOVO, 60 votos);Topazio Silveira Neto (56,5%);"{""Topazio Silveira Neto"": 56.5, ""Marcos José De Abreu"": 26.6, ""Pedro De Assis Silvestre"": 7.7, ""Vanderlei Farias"": 4.9, ""Dário Elias Berger"": 3.8, ""Rogerio Silva Portanova"": 0.3, ""Carlos Rogério Muller"": 0.1, ""Mateus Souza"": 0.1, ""Brunno Andrade Dias"": 0.0}";4,0000;0,0047;0,1140;0,1191;0,5091;0,5298;0,4394;0,5094;0,5816;0,9219;False;61,8000
Z13-L1295;COLEGIO ESTADUAL GETULIO VARGAS;RUA JOAO MOTTA ESPEZIM, N. 499;SACO DOS LIMÕES;Saco dos Limões;Centro;88045400;-27,6076;-48,5353;7163,0000;7163,0000;7419,0000;19,0000;5795,0000;0,1910;5141,0000;103,0000;0,0200;780,0000;0,1517;883,0000;0,1718;5036,0000;354,0000;0,0703;947,0000;0,1880;1301,0000;0,2583;2472,0000;0,4374;74,0000;0,0138;1107,0000;0,2066;4892,0000;106,0000;0,0217;718,0000;0,1468;824,0000;0,1684;Gilberto Alcebiades Pinheiro (PL, 268 votos) | Giliard Eliezer Batista Torquato (PL, 76 votos) | Manoella Vieira Da Silva (PL, 62 votos);Topazio Silveira Neto (58,0%);"{""Topazio Silveira Neto"": 58.0, ""Marcos José De Abreu"": 19.7, ""Dário Elias Berger"": 7.7, ""Pedro De Assis Silvestre"": 7.2, ""Vanderlei Farias"": 6.9, ""Rogerio Silva Portanova"": 0.3, ""Carlos Rogério Muller"": 0.1}";1,0000;0,0011;0,1328;0,2197;0,2095;0,5262;0,4575;0,1740;0,8301;0,9882;False;60,0000
Z100-L1368;ESCOLA DE ENSINO BÁSICO INTENDENTE JOSE FERNANDES;RUA JOAO GUALBERTO SOARES, 324;SITIO CAPIVARI/INGLESES;Capivari;Norte da Ilha;88058300;-27,4426;-48,4028;6728,0000;6728,0000;6395,0000;18,0000;5125,0000;0,2383;4486,0000;59,0000;0,0132;959,0000;0,2138;1018,0000;0,2269;4428,0000;279,0000;0,0630;984,0000;0,2222;1263,0000;0,2852;2589,0000;0,5271;29,0000;0,0061;1190,0000;0,2506;3946,0000;60,0000;0,0152;888,0000;0,2250;948,0000;0,2402;João Paulo Ferreira (PL, 323 votos) | Marcelo Fernando De Oliveira (PL, 164 votos) | Manuel Cristovão Augusto Junior (PL, 104 votos);Topazio Silveira Neto (66,4%);"{""Topazio Silveira Neto"": 66.4, ""Marcos José De Abreu"": 11.2, ""Dário Elias Berger"": 11.0, ""Vanderlei Farias"": 6.8, ""Pedro De Assis Silvestre"": 4.4, ""Rogerio Silva Portanova"": 0.1, ""Brunno Andrade Dias"": 0.0, ""Carlos Rogério Muller"": 0.0}";0,0000;0,0000;0,0752;0,2271;0,1225;0,5490;0,5275;0,1175;0,7797;0,9499;False;59,7000
Z13-L1791;COLEGIO ESTADUAL SIMAO JOSE HESS;AVENIDA MADRE BENVENUTA, 463;TRINDADE;Trindade;Centro;88036500;-27,5917;-48,5169;4682,0000;4682,0000;4897,0000;14,0000;3955,0000;0,1553;3602,0000;161,0000;0,0447;626,0000;0,1738;787,0000;0,2185;3574,0000;433,0000;0,1212;683,0000;0,1911;1116,0000;0,3123;1637,0000;0,4135;109,0000;0,0292;819,0000;0,2195;3301,0000;245,0000;0,0742;501,0000;0,1518;746,0000;0,2260;Manoella Vieira Da Silva (PL, 95 votos) | João Ricardo Padilha Santos (PL, 77 votos) | Rafael Luiz Marques Ary (NOVO, 61 votos);Topazio Silveira Neto (56,0%);"{""Topazio Silveira Neto"": 56.0, ""Marcos José De Abreu"": 25.9, ""Vanderlei Farias"": 6.6, ""Pedro De Assis Silvestre"": 6.4, ""Dário Elias Berger"": 4.6, ""Rogerio Silva Portanova"": 0.3, ""Brunno Andrade Dias"": 0.1, ""Carlos Rogério Muller"": 0.0, ""Mateus Souza"": 0.0}";2,0000;0,0025;0,1273;0,2281;0,4406;0,5466;0,4078;0,4752;0,5426;0,9722;False;59,5000
Z100-L1090;ACOJAR;RUA NERY CARDOSO BITTENCOURT, N. 61;SANTA MÔNICA;Santa Mônica;Centro;88035100;-27,5916;-48,5088;2777,0000;2777,0000;2678,0000;7,0000;2346,0000;0,1552;2229,0000;190,0000;0,0852;428,0000;0,1920;618,0000;0,2773;2193,0000;382,0000;0,1742;451,0000;0,2057;833,0000;0,3798;1094,0000;0,4775;95,0000;0,0423;556,0000;0,2473;1867,0000;198,0000;0,1061;303,0000;0,1623;501,0000;0,2683;Manoella Vieira Da Silva (PL, 98 votos) | Rafael Luiz Marques Ary (NOVO, 58 votos) | João Ricardo Padilha Santos (PL, 38 votos);Topazio Silveira Neto (60,8%);"{""Topazio Silveira Neto"": 60.8, ""Marcos José De Abreu"": 25.4, ""Pedro De Assis Silvestre"": 6.0, ""Vanderlei Farias"": 4.9, ""Dário Elias Berger"": 2.5, ""Rogerio Silva Portanova"": 0.2, ""Mateus Souza"": 0.2, ""Carlos Rogério Muller"": 0.1}";0,0000;0,0000;0,1055;0,2539;0,6064;0,5117;0,3202;0,7868;0,3218;0,9668;False;59,2000
Z13-L1570;ESCOLA DE ENSINO MÉDIO VEREADOR OSCAR MANOEL CONCEIÇÃO;RODOVIA SC 405, S/N,;RIO TAVARES;Campeche Central;Sul da Ilha;88048000;-27,6658;-48,5031;7148,0000;7148,0000;6924,0000;18,0000;5771,0000;0,1926;5252,0000;146,0000;0,0278;949,0000;0,1807;1095,0000;0,2085;5154,0000;430,0000;0,0834;994,0000;0,1929;1424,0000;0,2763;2430,0000;0,4292;98,0000;0,0180;1141,0000;0,2099;4551,0000;89,0000;0,0196;1439,0000;0,3162;1528,0000;0,3358;Gilberto Alcebiades Pinheiro (PL, 1012 votos) | Manoella Vieira Da Silva (PL, 68 votos) | Katia Chubaci (PL, 57 votos);Topazio Silveira Neto (52,9%);"{""Topazio Silveira Neto"": 52.9, ""Marcos José De Abreu"": 27.2, ""Vanderlei Farias"": 7.5, ""Dário Elias Berger"": 6.7, ""Pedro De Assis Silvestre"": 5.4, ""Rogerio Silva Portanova"": 0.1, ""Brunno Andrade Dias"": 0.0, ""Carlos Rogério Muller"": 0.0, ""Mateus Souza"": 0.0}";0,0000;0,0000;0,1160;0,1756;0,2732;0,5457;0,5674;0,2060;0,8284;0,5138;False;57,8000
Z12-L1147;ESCOLA DE EDUCAÇÃO BÁSICA PADRE ANCHIETA;RUA RUI BARBOSA, N. 525;AGRONÔMICA;Agronômica;Centro;88025300;-27,5749;-48,5374;5038,0000;5038,0000;5920,0000;13,0000;3949,0000;0,2162;3578,0000;161,0000;0,0450;623,0000;0,1741;784,0000;0,2191;3509,0000;416,0000;0,1186;658,0000;0,1875;1074,0000;0,3061;1758,0000;0,4612;98,0000;0,0266;824,0000;0,2236;3796,0000;187,0000;0,0493;569,0000;0,1499;756,0000;0,1992;Manoella Vieira Da Silva (PL, 122 votos) | Ingo Camara Althoff (PL, 86 votos) | Giliard Eliezer Batista Torquato (PL, 65 votos);Topazio Silveira Neto (65,0%);"{""Topazio Silveira Neto"": 65.0, ""Marcos José De Abreu"": 16.5, ""Vanderlei Farias"": 6.7, ""Pedro De Assis Silvestre"": 6.4, ""Dário Elias Berger"": 5.0, ""Rogerio Silva Portanova"": 0.2, ""Brunno Andrade Dias"": 0.1, ""Carlos Rogério Muller"": 0.0, ""Mateus Souza"": 0.0}";1,0000;0,0013;0,1268;0,2461;0,3015;0,5363;0,4062;0,3927;0,5838;0,9245;False;57,2000
Z12-L1023;COLÉGIO SANTA CATARINA;RUA FREI EVARISTO, N.  91;CENTRO;Centro;Centro;88015400;-27,5890;-48,5442;2815,0000;2815,0000;2846,0000;8,0000;2398,0000;0,1481;2276,0000;160,0000;0,0703;445,0000;0,1955;605,0000;0,2658;2245,0000;440,0000;0,1960;475,0000;0,2116;915,0000;0,4076;1213,0000;0,5149;110,0000;0,0472;566,0000;0,2430;2010,0000;204,0000;0,1015;340,0000;0,1692;544,0000;0,2706;Manoella Vieira Da Silva (PL, 109 votos) | Thiago Jose De Chaves (NOVO, 87 votos) | Ingo Camara Althoff (PL, 46 votos);Topazio Silveira Neto (63,3%);"{""Topazio Silveira Neto"": 63.3, ""Marcos José De Abreu"": 20.0, ""Pedro De Assis Silvestre"": 9.3, ""Vanderlei Farias"": 4.4, ""Dário Elias Berger"": 2.9, ""Rogerio Silva Portanova"": 0.1, ""Mateus Souza"": 0.0}";0,0000;0,0000;0,0998;0,3091;0,5933;0,5758;0,3135;0,6961;0,3262;0,9824;False;56,8000
Z100-L1562;COLÉGIO SANTA TEREZINHA;SERVIDAO SAFIRA, N. 148;INGLESES;Ingleses Centro;Norte da Ilha;88058095;-27,4362;-48,3980;5148,0000;5148,0000;4933,0000;13,0000;3940,0000;0,2347;3520,0000;123,0000;0,0349;879,0000;0,2497;1002,0000;0,2847;3421,0000;356,0000;0,1041;938,0000;0,2742;1294,0000;0,3783;2116,0000;0,5447;67,0000;0,0181;995,0000;0,2695;2967,0000;81,0000;0,0273;577,0000;0,1945;658,0000;0,2218;João Paulo Ferreira (PL, 189 votos) | Marcelo Fernando De Oliveira (PL, 101 votos) | Manuel Cristovão Augusto Junior (PL, 58 votos);Topazio Silveira Neto (66,6%);"{""Topazio Silveira Neto"": 66.6, ""Marcos José De Abreu"": 13.8, ""Dário Elias Berger"": 7.7, ""Pedro De Assis Silvestre"": 6.1, ""Vanderlei Farias"": 5.6, ""Mateus Souza"": 0.1, ""Rogerio Silva Portanova"": 0.1, ""Carlos Rogério Muller"": 0.0}";0,0000;0,0000;0,0847;0,2308;0,2815;0,5381;0,5192;0,2681;0,5966;0,7602;False;56,3000
Z12-L2151;ESCOLA DE EDUCAÇÃO BÁSICA ROSA TORRES DE MIRANDA;RUA MELVIN JONES, N. 389;JARDIM ATLÂNTICO;Jardim Atlântico;Continente;88095400;-27,5790;-48,5974;5093,0000;5093,0000;5024,0000;14,0000;4195,0000;0,1763;3765,0000;120,0000;0,0319;837,0000;0,2223;957,0000;0,2542;3681,0000;424,0000;0,1152;918,0000;0,2494;1342,0000;0,3646;2142,0000;0,5310;86,0000;0,0220;1080,0000;0,2758;3216,0000;109,0000;0,0339;553,0000;0,1720;662,0000;0,2058;Manoella Vieira Da Silva (PL, 87 votos) | Gilberto Alcebiades Pinheiro (PL, 62 votos) | Giliard Eliezer Batista Torquato (PL, 58 votos);Topazio Silveira Neto (60,6%);"{""Topazio Silveira Neto"": 60.6, ""Marcos José De Abreu"": 15.5, ""Pedro De Assis Silvestre"": 10.9, ""Vanderlei Farias"": 6.9, ""Dário Elias Berger"": 5.7, ""Rogerio Silva Portanova"": 0.2, ""Brunno Andrade Dias"": 0.1, ""Carlos Rogério Muller"": 0.0}";0,0000;0,0000;0,1145;0,2124;0,2549;0,5364;0,4959;0,2748;0,5902;0,8159;False;56,3000
Z13-L1775;UFSC - CENTRO TECNOLOGICO - CTC;CAMPUS UNIVERSITARIO, S/N;TRINDADE;Trindade;Centro;88040900;-27,6002;-48,5178;3528,0000;3528,0000;3547,0000;9,0000;2994,0000;0,1514;2798,0000;202,0000;0,0722;405,0000;0,1447;607,0000;0,2169;2769,0000;415,0000;0,1499;424,0000;0,1531;839,0000;0,3030;964,0000;0,3291;111,0000;0,0390;490,0000;0,1721;2309,0000;182,0000;0,0788;249,0000;0,1078;431,0000;0,1867;Manoella Vieira Da Silva (PL, 75 votos) | Rafael Luiz Marques Ary (NOVO, 50 votos) | Gabriel Cesar De Andrade (NOVO, 31 votos);Topazio Silveira Neto (44,0%);"{""Topazio Silveira Neto"": 44.0, ""Marcos José De Abreu"": 41.2, ""Vanderlei Farias"": 5.8, ""Pedro De Assis Silvestre"": 5.4, ""Dário Elias Berger"": 3.3, ""Rogerio Silva Portanova"": 0.2, ""Carlos Rogério Muller"": 0.1, ""Brunno Andrade Dias"": 0.0}";1,0000;0,0016;0,1361;0,1840;0,5488;0,4918;0,3145;0,6294;0,4089;0,8850;False;55,2000
Z12-L1767;EDUCANDARIO IMACULADA CONCEICAO;RUA SAO FRANCISCO, 148 FONE (48) 33221037;CENTRO;Centro;Centro;88015140;-27,5930;-48,5541;3252,0000;3252,0000;3330,0000;10,0000;2757,0000;0,1522;2628,0000;170,0000;0,0647;590,0000;0,2245;760,0000;0,2892;2593,0000;436,0000;0,1681;582,0000;0,2245;1018,0000;0,3926;1352,0000;0,5004;91,0000;0,0340;718,0000;0,2685;2349,0000;159,0000;0,0677;415,0000;0,1767;574,0000;0,2444;Manoella Vieira Da Silva (PL, 113 votos) | Ingo Camara Althoff (PL, 55 votos) | Pedro Neves Bueno Cordoba (PL, 43 votos);Topazio Silveira Neto (60,0%);"{""Topazio Silveira Neto"": 60.0, ""Marcos José De Abreu"": 24.2, ""Pedro De Assis Silvestre"": 8.2, ""Vanderlei Farias"": 4.3, ""Dário Elias Berger"": 2.9, ""Rogerio Silva Portanova"": 0.3, ""Brunno Andrade Dias"": 0.0, ""Carlos Rogério Muller"": 0.0}";1,0000;0,0013;0,0846;0,3247;0,6113;0,5615;0,3938;0,5541;0,3769;0,8293;False;55,0000
Z13-L1732;ESCOLA DE EDUCAÇÃO BÁSICA HILDA TEODORO VIEIRA;RUA LAURO LINHARES, N. 560;TRINDADE;Trindade;Centro;88036001;-27,5843;-48,5251;4337,0000;4337,0000;4237,0000;11,0000;3593,0000;0,1715;3338,0000;147,0000;0,0440;597,0000;0,1788;744,0000;0,2229;3300,0000;371,0000;0,1124;598,0000;0,1812;969,0000;0,2936;1405,0000;0,3976;101,0000;0,0296;701,0000;0,2056;2854,0000;161,0000;0,0564;397,0000;0,1391;558,0000;0,1955;Manoella Vieira Da Silva (PL, 85 votos) | João Ricardo Padilha Santos (PL, 54 votos) | Giliard Eliezer Batista Torquato (PL, 39 votos);Topazio Silveira Neto (52,9%);"{""Topazio Silveira Neto"": 52.9, ""Marcos José De Abreu"": 29.4, ""Pedro De Assis Silvestre"": 6.5, ""Vanderlei Farias"": 5.8, ""Dário Elias Berger"": 5.3, ""Mateus Souza"": 0.1, ""Rogerio Silva Portanova"": 0.1, ""Carlos Rogério Muller"": 0.0}";1,0000;0,0013;0,0851;0,2552;0,4469;0,5508;0,3855;0,4119;0,5026;0,8961;False;54,6000
Z12-L1783;INSTITUTO ESTADUAL DE EDUCAÇÃO - IEE;AVENIDA MAURO RAMOS, N. 275;CENTRO;Centro;Centro;88020301;-27,5998;-48,5456;5905,0000;5905,0000;6091,0000;25,0000;4575,0000;0,2252;4112,0000;100,0000;0,0243;628,0000;0,1527;728,0000;0,1770;4061,0000;312,0000;0,0768;684,0000;0,1684;996,0000;0,2453;1768,0000;0,4019;80,0000;0,0188;864,0000;0,2030;3719,0000;135,0000;0,0363;472,0000;0,1269;607,0000;0,1632;Manoella Vieira Da Silva (PL, 90 votos) | Giliard Eliezer Batista Torquato (PL, 55 votos) | Thiago Jose De Chaves (NOVO, 44 votos);Topazio Silveira Neto (56,1%);"{""Topazio Silveira Neto"": 56.1, ""Marcos José De Abreu"": 22.0, ""Vanderlei Farias"": 8.3, ""Pedro De Assis Silvestre"": 6.8, ""Dário Elias Berger"": 6.2, ""Rogerio Silva Portanova"": 0.3, ""Brunno Andrade Dias"": 0.1, ""Carlos Rogério Muller"": 0.1, ""Mateus Souza"": 0.1}";1,0000;0,0014;0,1294;0,2434;0,2781;0,5257;0,3772;0,2448;0,6843;0,9480;False;54,5000
Z12-L1058;ESCOLA TÉCNICA - CENTRO FEDERAL DE EDUC. TECNOLÓGICA DE SC - CEFET/SC;AVENIDA MAURO RAMOS, N. 950;CENTRO;Centro;Centro;88020300;-27,5942;-48,5432;4880,0000;4880,0000;4969,0000;18,0000;3924,0000;0,1959;3586,0000;115,0000;0,0321;597,0000;0,1665;712,0000;0,1985;3523,0000;354,0000;0,1005;623,0000;0,1768;977,0000;0,2773;1584,0000;0,4160;79,0000;0,0214;810,0000;0,2198;3325,0000;168,0000;0,0505;467,0000;0,1405;635,0000;0,1910;Manoella Vieira Da Silva (PL, 94 votos) | Thiago Jose De Chaves (NOVO, 64 votos) | Ingo Camara Althoff (PL, 54 votos);Topazio Silveira Neto (54,2%);"{""Topazio Silveira Neto"": 54.2, ""Marcos José De Abreu"": 23.8, ""Pedro De Assis Silvestre"": 8.7, ""Vanderlei Farias"": 6.5, ""Dário Elias Berger"": 6.2, ""Rogerio Silva Portanova"": 0.3, ""Brunno Andrade Dias"": 0.1, ""Mateus Souza"": 0.1, ""Carlos Rogério Muller"": 0.1}";0,0000;0,0000;0,0871;0,2670;0,3504;0,5340;0,3689;0,3318;0,5655;0,9719;False;54,3000
Z12-L2160;ESCOLA DE EDUCAÇÃO BÁSICA EDITH GAMA RAMOS;RUA DIB CHEREM, N. 2773;CAPOEIRAS;Capoeiras;Continente;88090000;-27,5992;-48,5968;5140,0000;5140,0000;4926,0000;14,0000;4222,0000;0,1786;3790,0000;126,0000;0,0332;733,0000;0,1934;859,0000;0,2266;3700,0000;444,0000;0,1200;820,0000;0,2216;1264,0000;0,3416;2025,0000;0,4993;98,0000;0,0249;954,0000;0,2423;3122,0000;107,0000;0,0343;430,0000;0,1377;537,0000;0,1720;Manoella Vieira Da Silva (PL, 88 votos) | João Ricardo Padilha Santos (PL, 51 votos) | Giliard Eliezer Batista Torquato (PL, 36 votos);Topazio Silveira Neto (57,2%);"{""Topazio Silveira Neto"": 57.2, ""Marcos José De Abreu"": 16.8, ""Pedro De Assis Silvestre"": 11.4, ""Vanderlei Farias"": 7.4, ""Dário Elias Berger"": 6.6, ""Rogerio Silva Portanova"": 0.4, ""Brunno Andrade Dias"": 0.1, ""Carlos Rogério Muller"": 0.1, ""Mateus Souza"": 0.0}";1,0000;0,0012;0,1117;0,2815;0,2547;0,5502;0,4451;0,2830;0,5957;0,7917;False;54,0000
Z12-L2054;CENTRO DE CIÊNCIAS DA SAÚDE E DO ESPORTE - CEFID / UDESC;RUA PASCHOAL SIMONE, N. 358;COQUEIROS;Coqueiros;Continente;88080350;-27,6093;-48,5806;3961,0000;3961,0000;3812,0000;10,0000;3374,0000;0,1482;3200,0000;156,0000;0,0488;626,0000;0,1956;782,0000;0,2444;3144,0000;474,0000;0,1508;710,0000;0,2258;1184,0000;0,3766;1687,0000;0,5111;92,0000;0,0284;811,0000;0,2507;2627,0000;145,0000;0,0552;383,0000;0,1458;528,0000;0,2010;Manoella Vieira Da Silva (PL, 76 votos) | João Ricardo Padilha Santos (PL, 43 votos) | Ingo Camara Althoff (PL, 39 votos);Topazio Silveira Neto (56,1%);"{""Topazio Silveira Neto"": 56.1, ""Marcos José De Abreu"": 19.3, ""Pedro De Assis Silvestre"": 14.8, ""Vanderlei Farias"": 6.1, ""Dário Elias Berger"": 3.6, ""Rogerio Silva Portanova"": 0.1, ""Carlos Rogério Muller"": 0.1}";0,0000;0,0000;0,0858;0,2557;0,5054;0,5350;0,4052;0,4316;0,4590;0,8348;False;54,0000
Z13-L1635;COLÉGIO DA LAGOA;RUA HIPÓLITO DO VALE PEREIRA, N. 121;LAGOA DA CONCEIÇÃO;Lagoa;Leste/Lagoa;88062210;-27,6039;-48,4756;4046,0000;4046,0000;4225,0000;11,0000;3187,0000;0,2123;2971,0000;182,0000;0,0613;477,0000;0,1606;659,0000;0,2218;2959,0000;367,0000;0,1240;467,0000;0,1578;834,0000;0,2819;1208,0000;0,3594;100,0000;0,0328;618,0000;0,2029;2544,0000;124,0000;0,0487;372,0000;0,1462;496,0000;0,1950;Manoella Vieira Da Silva (PL, 95 votos) | Katia Chubaci (PL, 42 votos) | João Ricardo Padilha Santos (PL, 37 votos);Topazio Silveira Neto (51,7%);"{""Topazio Silveira Neto"": 51.7, ""Marcos José De Abreu"": 38.9, ""Pedro De Assis Silvestre"": 3.7, ""Vanderlei Farias"": 3.5, ""Dário Elias Berger"": 2.1, ""Rogerio Silva Portanova"": 0.1}";0,0000;0,0000;0,1332;0,1483;0,4328;0,5279;0,3415;0,4730;0,4689;0,8982;False;53,6000
Z100-L1325;ESCOLA BÁSICA MUNICIPAL INTENDENTE ARICOMEDES DA SILVA;RODOVIA LEONEL PEREIRA, 930;CACHOEIRA DO BOM JESUS;Cachoeira do Bom Jesus Leste;Norte da Ilha;88056300;-27,4255;-48,4259;5702,0000;5702,0000;5570,0000;15,0000;4615,0000;0,1906;4125,0000;112,0000;0,0272;741,0000;0,1796;853,0000;0,2068;4071,0000;313,0000;0,0769;785,0000;0,1928;1098,0000;0,2697;2232,0000;0,5021;80,0000;0,0186;945,0000;0,2202;3682,0000;86,0000;0,0234;482,0000;0,1309;568,0000;0,1543;João Ricardo Padilha Santos (PL, 62 votos) | Manoella Vieira Da Silva (PL, 58 votos) | João Paulo Ferreira (PL, 52 votos);Topazio Silveira Neto (65,6%);"{""Topazio Silveira Neto"": 65.6, ""Marcos José De Abreu"": 16.1, ""Dário Elias Berger"": 7.0, ""Pedro De Assis Silvestre"": 5.5, ""Vanderlei Farias"": 5.5, ""Rogerio Silva Portanova"": 0.1, ""Carlos Rogério Muller"": 0.1, ""Brunno Andrade Dias"": 0.0, ""Mateus Souza"": 0.0}";0,0000;0,0000;0,1215;0,1908;0,2217;0,5300;0,4420;0,2156;0,6608;0,7999;False;53,5000
Z12-L2100;ESCOLA BÁSICA MUNICIPAL ALMIRANTE CARVALHAL;RUA BENTO GOIA, N. 113;COQUEIROS;Coqueiros;Continente;88080150;-27,6071;-48,5775;4338,0000;4338,0000;4293,0000;11,0000;3676,0000;0,1526;3442,0000;146,0000;0,0424;702,0000;0,2040;848,0000;0,2464;3367,0000;441,0000;0,1310;779,0000;0,2314;1220,0000;0,3623;1722,0000;0,4822;97,0000;0,0276;862,0000;0,2449;3013,0000;136,0000;0,0451;368,0000;0,1221;504,0000;0,1673;Manoella Vieira Da Silva (PL, 89 votos) | Pedro Neves Bueno Cordoba (PL, 43 votos) | Alex Fabiano Wehrle (PL, 38 votos);Topazio Silveira Neto (53,0%);"{""Topazio Silveira Neto"": 53.0, ""Marcos José De Abreu"": 22.7, ""Pedro De Assis Silvestre"": 14.3, ""Vanderlei Farias"": 5.4, ""Dário Elias Berger"": 4.1, ""Rogerio Silva Portanova"": 0.3, ""Carlos Rogério Muller"": 0.1, ""Mateus Souza"": 0.1}";2,0000;0,0024;0,0934;0,2455;0,4795;0,5588;0,4394;0,3658;0,5027;0,6982;False;52,4000
Z12-L2143;ESCOLA DE EDUCAÇÃO BÁSICA PRESIDENTE ROOSEVELT;RUA PASCHOAL SIMONE, N. 80;COQUEIROS;Coqueiros;Continente;88080350;-27,6102;-48,5801;4515,0000;4515,0000;4492,0000;12,0000;3794,0000;0,1597;3514,0000;113,0000;0,0322;687,0000;0,1955;800,0000;0,2277;3446,0000;426,0000;0,1236;781,0000;0,2266;1207,0000;0,3503;1792,0000;0,4862;87,0000;0,0242;883,0000;0,2453;3063,0000;117,0000;0,0382;390,0000;0,1273;507,0000;0,1655;Manoella Vieira Da Silva (PL, 89 votos) | João Ricardo Padilha Santos (PL, 40 votos) | Alex Fabiano Wehrle (PL, 35 votos);Topazio Silveira Neto (57,2%);"{""Topazio Silveira Neto"": 57.2, ""Marcos José De Abreu"": 19.3, ""Pedro De Assis Silvestre"": 12.7, ""Vanderlei Farias"": 5.8, ""Dário Elias Berger"": 4.2, ""Rogerio Silva Portanova"": 0.4, ""Mateus Souza"": 0.1, ""Brunno Andrade Dias"": 0.1, ""Carlos Rogério Muller"": 0.1}";0,0000;0,0000;0,1076;0,3267;0,3978;0,5468;0,4145;0,2907;0,5232;0,7631;False;50,7000
Z12-L1031;CENTRO DE EDUCAÇÃO CONTINUADA - (SILVEIRA DE SOUZA);RUA FERREIRA LIMA N 82;CENTRO;Centro;Centro;88015420;-27,5878;-48,5464;2758,0000;2758,0000;2801,0000;8,0000;2281,0000;0,1730;2157,0000;115,0000;0,0533;476,0000;0,2207;591,0000;0,2740;2141,0000;334,0000;0,1560;519,0000;0,2424;853,0000;0,3984;1213,0000;0,5427;73,0000;0,0333;580,0000;0,2647;1908,0000;128,0000;0,0671;361,0000;0,1892;489,0000;0,2563;Manoella Vieira Da Silva (PL, 81 votos) | Ingo Camara Althoff (PL, 64 votos) | Thiago Jose De Chaves (NOVO, 52 votos);Topazio Silveira Neto (62,7%);"{""Topazio Silveira Neto"": 62.7, ""Marcos José De Abreu"": 19.0, ""Pedro De Assis Silvestre"": 8.3, ""Vanderlei Farias"": 5.4, ""Dário Elias Berger"": 3.8, ""Rogerio Silva Portanova"": 0.7, ""Brunno Andrade Dias"": 0.1}";0,0000;0,0000;0,0468;0,4133;0,6262;0,5551;0,3062;0,4947;0,3196;0,9331;False;49,9000
Z12-L2097;ESCOLA DE EDUCAÇÃO BÁSICA ROSINHA CAMPOS;RUA JOAQUIM FERNANDES DE OLIVEIRA, N. 428;ABRAÃO;Abraão;Continente;88085170;-27,6059;-48,5910;4145,0000;4145,0000;4283,0000;11,0000;3477,0000;0,1612;3226,0000;104,0000;0,0322;498,0000;0,1544;602,0000;0,1866;3121,0000;334,0000;0,1070;611,0000;0,1958;945,0000;0,3028;1523,0000;0,4519;78,0000;0,0239;713,0000;0,2185;2881,0000;124,0000;0,0430;405,0000;0,1406;529,0000;0,1836;Manoella Vieira Da Silva (PL, 70 votos) | Giliard Eliezer Batista Torquato (PL, 49 votos) | Gilberto Alcebiades Pinheiro (PL, 43 votos);Topazio Silveira Neto (55,6%);"{""Topazio Silveira Neto"": 55.6, ""Marcos José De Abreu"": 18.9, ""Pedro De Assis Silvestre"": 12.2, ""Dário Elias Berger"": 6.5, ""Vanderlei Farias"": 6.2, ""Mateus Souza"": 0.2, ""Rogerio Silva Portanova"": 0.2, ""Carlos Rogério Muller"": 0.1, ""Brunno Andrade Dias"": 0.0}";0,0000;0,0000;0,1001;0,1998;0,3303;0,5585;0,3119;0,3074;0,4804;0,9894;False;49,5000
Z13-L1805;CENTRO DE EDUCACAO ESCOLA DA ILHA;RUA VERA LINHARES DE ANDRADE, 1910;CORREGO GRANDE;Córrego Grande;Centro;88037000;-27,5998;-48,4988;2785,0000;2785,0000;2707,0000;7,0000;2330,0000;0,1634;2205,0000;131,0000;0,0594;369,0000;0,1673;500,0000;0,2268;2183,0000;354,0000;0,1622;368,0000;0,1686;722,0000;0,3307;937,0000;0,4117;91,0000;0,0407;420,0000;0,1880;1915,0000;135,0000;0,0705;261,0000;0,1363;396,0000;0,2068;Manoella Vieira Da Silva (PL, 69 votos) | Rafael Luiz Marques Ary (NOVO, 35 votos) | Ingo Camara Althoff (PL, 30 votos);Topazio Silveira Neto (56,5%);"{""Topazio Silveira Neto"": 56.5, ""Marcos José De Abreu"": 30.1, ""Pedro De Assis Silvestre"": 5.6, ""Vanderlei Farias"": 4.1, ""Dário Elias Berger"": 3.2, ""Rogerio Silva Portanova"": 0.2, ""Carlos Rogério Muller"": 0.2, ""Brunno Andrade Dias"": 0.1}";0,0000;0,0000;0,0693;0,1767;0,5361;0,5418;0,2591;0,5369;0,3227;0,9245;False;48,9000
Z100-L1210;ESCOLA BÁSICA MUNICIPAL PAULO FONTES;RUA PROFESSOR OSNI BARBATO, 168;SANTO ANTÔNIO DE LISBOA;Santo Antônio;Centro;88050452;-27,5075;-48,5177;3314,0000;3314,0000;3225,0000;9,0000;2775,0000;0,1626;2573,0000;132,0000;0,0513;486,0000;0,1889;618,0000;0,2402;2521,0000;365,0000;0,1448;528,0000;0,2094;893,0000;0,3542;1287,0000;0,4735;83,0000;0,0312;636,0000;0,2393;2274,0000;121,0000;0,0532;321,0000;0,1412;442,0000;0,1944;Manoella Vieira Da Silva (PL, 69 votos) | João Ricardo Padilha Santos (PL, 51 votos) | Ingo Camara Althoff (PL, 45 votos);Topazio Silveira Neto (61,3%);"{""Topazio Silveira Neto"": 61.3, ""Marcos José De Abreu"": 26.3, ""Pedro De Assis Silvestre"": 5.6, ""Vanderlei Farias"": 4.0, ""Dário Elias Berger"": 2.5, ""Rogerio Silva Portanova"": 0.3, ""Carlos Rogério Muller"": 0.0, ""Mateus Souza"": 0.0}";2,0000;0,0032;0,1255;0,2133;0,4004;0,5036;0,3202;0,4378;0,3841;0,8255;False;48,6000
Z13-L1740;ESCOLA BASICA JOAO ALFREDO HOHR;RUA JOAO PIO DUARTE SILVA, 1123;CORREGO GRANDE;Córrego Grande;Centro;88037000;-27,6007;-48,5053;3467,0000;3467,0000;3374,0000;9,0000;2948,0000;0,1497;2759,0000;131,0000;0,0475;470,0000;0,1704;601,0000;0,2178;2732,0000;319,0000;0,1168;462,0000;0,1691;781,0000;0,2859;1236,0000;0,4314;90,0000;0,0319;580,0000;0,2059;2398,0000;131,0000;0,0546;284,0000;0,1184;415,0000;0,1731;Manoella Vieira Da Silva (PL, 66 votos) | João Ricardo Padilha Santos (PL, 40 votos) | Ingo Camara Althoff (PL, 32 votos);Topazio Silveira Neto (56,1%);"{""Topazio Silveira Neto"": 56.1, ""Marcos José De Abreu"": 26.8, ""Vanderlei Farias"": 6.4, ""Pedro De Assis Silvestre"": 5.9, ""Dário Elias Berger"": 4.6, ""Rogerio Silva Portanova"": 0.2, ""Carlos Rogério Muller"": 0.0}";1,0000;0,0017;0,0883;0,2743;0,4676;0,5293;0,3114;0,4233;0,4018;0,8295;False;48,2000
Z13-L1651;ESCOLA BASICA MUNICIPAL HENRIQUE VERAS;RUA JOAO PACHECO DA COSTA, 249;LAGOA DA CONCEIÇÃO;Lagoa;Leste/Lagoa;88062040;-27,6002;-48,4709;4520,0000;4520,0000;4399,0000;12,0000;3646,0000;0,1934;3313,0000;111,0000;0,0335;481,0000;0,1452;592,0000;0,1787;3279,0000;300,0000;0,0915;506,0000;0,1543;806,0000;0,2458;1330,0000;0,3781;90,0000;0,0265;668,0000;0,1970;2896,0000;96,0000;0,0331;352,0000;0,1215;448,0000;0,1547;Manoella Vieira Da Silva (PL, 72 votos) | Gilberto Alcebiades Pinheiro (PL, 42 votos) | João Ricardo Padilha Santos (PL, 35 votos);Topazio Silveira Neto (51,6%);"{""Topazio Silveira Neto"": 51.6, ""Marcos José De Abreu"": 33.8, ""Pedro De Assis Silvestre"": 5.8, ""Vanderlei Farias"": 4.5, ""Dário Elias Berger"": 4.0, ""Rogerio Silva Portanova"": 0.2}";1,0000;0,0017;0,0805;0,2469;0,3951;0,5358;0,3067;0,2805;0,5238;0,9091;False;48,1000
Z13-L1767;CCJ - CENTRO DE CIENCIAS JURIDICAS;CAMPUS UNIVERSITARIO;TRINDADE;Trindade;Centro;88040900;-27,5989;-48,5218;3352,0000;3352,0000;3174,0000;9,0000;2805,0000;0,1632;2605,0000;157,0000;0,0603;197,0000;0,0756;354,0000;0,1359;2574,0000;262,0000;0,1018;199,0000;0,0773;461,0000;0,1791;544,0000;0,1829;79,0000;0,0296;236,0000;0,0883;1934,0000;116,0000;0,0600;144,0000;0,0745;260,0000;0,1344;Manoella Vieira Da Silva (PL, 49 votos) | Gabriel Cesar De Andrade (NOVO, 24 votos) | Rafael Luiz Marques Ary (NOVO, 22 votos);Marcos José De Abreu (53,1%);"{""Marcos José De Abreu"": 53.1, ""Topazio Silveira Neto"": 33.7, ""Vanderlei Farias"": 5.6, ""Pedro De Assis Silvestre"": 4.0, ""Dário Elias Berger"": 3.0, ""Rogerio Silva Portanova"": 0.3, ""Carlos Rogério Muller"": 0.1, ""Mateus Souza"": 0.1, ""Brunno Andrade Dias"": 0.1}";0,0000;0,0000;0,2560;0,0588;0,4538;0,5263;0,1834;0,5058;0,3885;0,9953;False;47,3000
Z12-L2119;ESCOLA DE EDUCAÇÃO BÁSICA IRINEU BORNHAUSEN;RUA VEREADOR BATISTA PEREIRA, N. 306;ESTREITO;Canto;Continente;88075600;-27,5828;-48,5866;4383,0000;4383,0000;4296,0000;18,0000;3721,0000;0,1510;3358,0000;94,0000;0,0280;655,0000;0,1951;749,0000;0,2230;3266,0000;310,0000;0,0949;763,0000;0,2336;1073,0000;0,3285;1822,0000;0,5115;59,0000;0,0170;888,0000;0,2560;3013,0000;90,0000;0,0299;362,0000;0,1201;452,0000;0,1500;Manoella Vieira Da Silva (PL, 49 votos) | Pedro Neves Bueno Cordoba (PL, 39 votos) | João Ricardo Padilha Santos (PL, 38 votos);Topazio Silveira Neto (59,6%);"{""Topazio Silveira Neto"": 59.6, ""Marcos José De Abreu"": 17.0, ""Pedro De Assis Silvestre"": 12.1, ""Vanderlei Farias"": 5.7, ""Dário Elias Berger"": 5.1, ""Rogerio Silva Portanova"": 0.3, ""Carlos Rogério Muller"": 0.1, ""Mateus Souza"": 0.1}";0,0000;0,0000;0,0872;0,2690;0,2729;0,5357;0,3881;0,2417;0,5079;0,7214;False;47,2000
Z13-L1783;UFSC - CENTRO SOCIO ECONOMICO - CSE;CAMPUS UNIVERSITARIO, S/N;TRINDADE;Trindade;Centro;88040900;-27,5990;-48,5216;2482,0000;2482,0000;2655,0000;7,0000;2120,0000;0,1459;2010,0000;123,0000;0,0612;242,0000;0,1204;365,0000;0,1816;1989,0000;218,0000;0,1096;263,0000;0,1322;481,0000;0,2418;623,0000;0,2668;66,0000;0,0324;273,0000;0,1340;1769,0000;135,0000;0,0763;187,0000;0,1057;322,0000;0,1820;Manoella Vieira Da Silva (PL, 47 votos) | Rafael Luiz Marques Ary (NOVO, 28 votos) | Thiago Jose De Chaves (NOVO, 22 votos);Marcos José De Abreu (43,5%);"{""Marcos José De Abreu"": 43.5, ""Topazio Silveira Neto"": 41.1, ""Vanderlei Farias"": 5.7, ""Pedro De Assis Silvestre"": 5.3, ""Dário Elias Berger"": 4.1, ""Rogerio Silva Portanova"": 0.1, ""Carlos Rogério Muller"": 0.1, ""Mateus Souza"": 0.1}";2,0000;0,0055;0,1197;0,1934;0,5036;0,5310;0,1891;0,5654;0,2876;0,9992;False;47,1000
Z100-L1163;COLEGIO ESTADUAL PROFESSORA LAURA LIMA;RUA DO LOURO, 143;MONTE VERDE;Monte Verde;Centro;88085530;-27,5598;-48,4937;5163,0000;5163,0000;5082,0000;14,0000;4200,0000;0,1865;3662,0000;62,0000;0,0169;559,0000;0,1526;621,0000;0,1696;3654,0000;255,0000;0,0698;550,0000;0,1505;805,0000;0,2203;1774,0000;0,4412;43,0000;0,0112;732,0000;0,1901;3364,0000;67,0000;0,0199;420,0000;0,1249;487,0000;0,1448;Giliard Eliezer Batista Torquato (PL, 74 votos) | Manoella Vieira Da Silva (PL, 44 votos) | João Ricardo Padilha Santos (PL, 37 votos);Topazio Silveira Neto (65,5%);"{""Topazio Silveira Neto"": 65.5, ""Marcos José De Abreu"": 14.9, ""Vanderlei Farias"": 7.3, ""Pedro De Assis Silvestre"": 7.0, ""Dário Elias Berger"": 5.1, ""Rogerio Silva Portanova"": 0.1, ""Mateus Souza"": 0.0}";0,0000;0,0000;0,1617;0,1724;0,1296;0,5243;0,3218;0,1524;0,5983;0,9059;False;46,8000
Z12-L2062;ESCOLA DE EDUCAÇÃO BÁSICA JOSÉ BOITEUX;RUA MARECHAL CÂMARA, N. 182;ESTREITO;Estreito;Continente;88070240;-27,5904;-48,5793;3584,0000;3584,0000;3680,0000;14,0000;3012,0000;0,1596;2692,0000;83,0000;0,0308;579,0000;0,2151;662,0000;0,2459;2654,0000;289,0000;0,1089;609,0000;0,2295;898,0000;0,3384;1479,0000;0,5077;56,0000;0,0199;731,0000;0,2595;2519,0000;116,0000;0,0461;380,0000;0,1509;496,0000;0,1969;Pedro Neves Bueno Cordoba (PL, 63 votos) | Manoella Vieira Da Silva (PL, 58 votos) | Ingo Camara Althoff (PL, 46 votos);Topazio Silveira Neto (57,5%);"{""Topazio Silveira Neto"": 57.5, ""Marcos José De Abreu"": 17.9, ""Pedro De Assis Silvestre"": 10.5, ""Vanderlei Farias"": 8.0, ""Dário Elias Berger"": 5.7, ""Rogerio Silva Portanova"": 0.2, ""Carlos Rogério Muller"": 0.1}";0,0000;0,0000;0,0951;0,3119;0,2843;0,5522;0,3430;0,3105;0,4153;0,8133;False;46,6000
Z13-L1619;ESCOLA BASICA ACACIO GARIBALDI SAO TIAGO;RUA ALTAMIRO BARCELOS DUTRA, 1195;BARRA DA LAGOA;Barra da Lagoa;Leste/Lagoa;88062500;-27,5758;-48,4297;4909,0000;4909,0000;5065,0000;13,0000;3998,0000;0,1856;3630,0000;81,0000;0,0223;517,0000;0,1424;598,0000;0,1647;3550,0000;237,0000;0,0668;515,0000;0,1451;752,0000;0,2118;1857,0000;0,4805;61,0000;0,0164;901,0000;0,2419;3432,0000;88,0000;0,0256;609,0000;0,1774;697,0000;0,2031;João Paulo Ferreira (PL, 304 votos) | Manuel Cristovão Augusto Junior (PL, 63 votos) | João Ricardo Padilha Santos (PL, 45 votos);Topazio Silveira Neto (59,0%);"{""Topazio Silveira Neto"": 59.0, ""Marcos José De Abreu"": 22.9, ""Dário Elias Berger"": 7.6, ""Pedro De Assis Silvestre"": 5.9, ""Vanderlei Farias"": 4.3, ""Rogerio Silva Portanova"": 0.2, ""Carlos Rogério Muller"": 0.1, ""Brunno Andrade Dias"": 0.0}";1,0000;0,0017;0,0982;0,2031;0,2224;0,5186;0,3098;0,1988;0,5689;0,8541;False;46,1000
Z100-L1600;CENTRO EDUCACIONAL UNIVERSO;SERVIDÃO PROFESSOR NILSON JOSÉ DE JESUS, 91 (SC 403, KM 06);INGLESES;Ingleses Centro;Norte da Ilha;88058095;-27,4383;-48,4022;3704,0000;3704,0000;3568,0000;10,0000;2834,0000;0,2349;2534,0000;83,0000;0,0328;581,0000;0,2293;664,0000;0,2620;2490,0000;253,0000;0,1016;644,0000;0,2586;897,0000;0,3602;1483,0000;0,5401;52,0000;0,0196;683,0000;0,2570;2181,0000;50,0000;0,0229;451,0000;0,2068;501,0000;0,2297;João Paulo Ferreira (PL, 149 votos) | Marcelo Fernando De Oliveira (PL, 65 votos) | Manuel Cristovão Augusto Junior (PL, 56 votos);Topazio Silveira Neto (68,0%);"{""Topazio Silveira Neto"": 68.0, ""Marcos José De Abreu"": 13.9, ""Dário Elias Berger"": 6.3, ""Pedro De Assis Silvestre"": 6.3, ""Vanderlei Farias"": 5.2, ""Carlos Rogério Muller"": 0.1, ""Rogerio Silva Portanova"": 0.1}";1,0000;0,0015;0,0602;0,1752;0,2576;0,5510;0,3440;0,2424;0,4293;0,8772;False;46,1000
Z12-L2020;SESC - SERVIÇO SOCIAL DO COMÉRCIO;RUA GENERAL EURICO GASPAR DUTRA N. 913;ESTREITO;Estreito;Continente;88075100;-27,5903;-48,5775;2770,0000;2770,0000;;7,0000;2355,0000;0,1498;2183,0000;94,0000;0,0431;435,0000;0,1993;529,0000;0,2423;2133,0000;290,0000;0,1360;507,0000;0,2377;797,0000;0,3737;1150,0000;0,5035;62,0000;0,0275;552,0000;0,2449;;;;;;;;;;;0,0000;0,0000;0,0783;0,2054;0,4184;0,5560;0,2741;0,4345;0,3210;0,8853;False;46,0000
Z13-L1422;ESCOLA BÁSICA MUNICIPAL JOSÉ AMARO CORDEIRO;RODOVIA SC 406, AV. FRANCISCO THOMAS DE SOUZA, N. 1691;MORRO DAS PEDRAS;Morro das Pedras;Sul da Ilha;88066000;-27,7168;-48,5075;3793,0000;3793,0000;3889,0000;10,0000;3082,0000;0,1875;2812,0000;86,0000;0,0306;500,0000;0,1778;586,0000;0,2084;2726,0000;260,0000;0,0954;544,0000;0,1996;804,0000;0,2949;1230,0000;0,4130;50,0000;0,0174;651,0000;0,2265;2593,0000;81,0000;0,0312;522,0000;0,2013;603,0000;0,2325;Gilberto Alcebiades Pinheiro (PL, 263 votos) | Giliard Eliezer Batista Torquato (PL, 46 votos) | Manoella Vieira Da Silva (PL, 46 votos);Topazio Silveira Neto (46,0%);"{""Topazio Silveira Neto"": 46.0, ""Marcos José De Abreu"": 32.2, ""Dário Elias Berger"": 10.2, ""Vanderlei Farias"": 6.1, ""Pedro De Assis Silvestre"": 4.9, ""Rogerio Silva Portanova"": 0.4, ""Brunno Andrade Dias"": 0.1, ""Carlos Rogério Muller"": 0.1, ""Mateus Souza"": 0.0}";0,0000;0,0000;0,0999;0,1856;0,2845;0,5218;0,3036;0,2594;0,4396;0,9084;False;45,5000
Z12-L2186;COLÉGIO ANTÔNIO PEIXOTO;RUA VEREADOR BATISTA PEREIRA, N. 656;ESTREITO;Balneário;Continente;88075600;-27,5796;-48,5851;2741,0000;2741,0000;2961,0000;7,0000;2403,0000;0,1233;2252,0000;115,0000;0,0511;536,0000;0,2380;651,0000;0,2891;2208,0000;350,0000;0,1585;580,0000;0,2627;930,0000;0,4212;1335,0000;0,5739;57,0000;0,0248;707,0000;0,3081;2219,0000;98,0000;0,0442;385,0000;0,1735;483,0000;0,2177;Manoella Vieira Da Silva (PL, 72 votos) | Fabricio Rodrigo Correia De Mello (PL, 70 votos) | Pedro Neves Bueno Cordoba (PL, 38 votos);Topazio Silveira Neto (63,5%);"{""Topazio Silveira Neto"": 63.5, ""Marcos José De Abreu"": 18.2, ""Pedro De Assis Silvestre"": 12.0, ""Dário Elias Berger"": 3.0, ""Vanderlei Farias"": 3.0, ""Rogerio Silva Portanova"": 0.2}";0,0000;0,0000;0,1197;0,1828;0,4670;0,5327;0,3373;0,4062;0,3176;0,7276;False;45,4000
Z13-L1864;COLÉGIO DO CAMPECHE;RODOVIA SC 405, 4501;CAMPECHE;Moenda;Sul da Ilha;88062000;-27,7012;-48,5098;3471,0000;3471,0000;3816,0000;9,0000;2906,0000;0,1628;2717,0000;106,0000;0,0390;433,0000;0,1594;539,0000;0,1984;2683,0000;235,0000;0,0876;403,0000;0,1502;638,0000;0,2378;847,0000;0,2806;69,0000;0,0249;436,0000;0,1573;2239,0000;80,0000;0,0357;427,0000;0,1907;507,0000;0,2264;Gilberto Alcebiades Pinheiro (PL, 176 votos) | Manoella Vieira Da Silva (PL, 53 votos) | João Ricardo Padilha Santos (PL, 51 votos);Marcos José De Abreu (48,3%);"{""Marcos José De Abreu"": 48.3, ""Topazio Silveira Neto"": 40.9, ""Vanderlei Farias"": 4.3, ""Pedro De Assis Silvestre"": 3.3, ""Dário Elias Berger"": 3.0, ""Carlos Rogério Muller"": 0.1, ""Rogerio Silva Portanova"": 0.1}";1,0000;0,0019;0,2357;0,0775;0,4656;0,5606;0,2793;0,3170;0,4022;0,8935;False;45,0000
Z12-L1686;COLÉGIO GERAÇÃO JÚNIOR - UNIDADE BEIRAMAR;RUA SÃO JOÃO BATISTA, N. 60;AGRONÔMICA;Agronômica;Centro;88025230;-27,5748;-48,5290;3250,0000;3250,0000;3360,0000;9,0000;2623,0000;0,1929;2365,0000;101,0000;0,0427;338,0000;0,1429;439,0000;0,1856;2330,0000;246,0000;0,1056;368,0000;0,1579;614,0000;0,2635;1050,0000;0,4153;39,0000;0,0159;448,0000;0,1826;2219,0000;95,0000;0,0428;280,0000;0,1262;375,0000;0,1690;Giliard Eliezer Batista Torquato (PL, 44 votos) | Manoella Vieira Da Silva (PL, 44 votos) | Ingo Camara Althoff (PL, 31 votos);Topazio Silveira Neto (62,0%);"{""Topazio Silveira Neto"": 62.0, ""Marcos José De Abreu"": 20.4, ""Vanderlei Farias"": 6.4, ""Pedro De Assis Silvestre"": 5.8, ""Dário Elias Berger"": 4.9, ""Rogerio Silva Portanova"": 0.4, ""Carlos Rogério Muller"": 0.0, ""Mateus Souza"": 0.0}";0,0000;0,0000;0,1397;0,1151;0,3065;0,5234;0,2275;0,3595;0,3766;0,9372;False;44,0000
Z100-L1376;N.E.I. - NUCLEO DE EDUCAÇÃO INFANTIL GENTIL MATHIAS DA SILVA;RUA DOM JOAO BECKER, 988;INGLESES;Ingleses Sul;Norte da Ilha;88058600;-27,4400;-48,3870;3561,0000;3561,0000;4001,0000;9,0000;2734,0000;0,2322;2453,0000;52,0000;0,0212;505,0000;0,2059;557,0000;0,2271;2416,0000;150,0000;0,0621;529,0000;0,2190;679,0000;0,2810;1375,0000;0,5129;18,0000;0,0070;643,0000;0,2516;2590,0000;69,0000;0,0266;489,0000;0,1888;558,0000;0,2154;Marcelo Fernando De Oliveira (PL, 131 votos) | João Paulo Ferreira (PL, 126 votos) | Manuel Cristovão Augusto Junior (PL, 80 votos);Topazio Silveira Neto (66,2%);"{""Topazio Silveira Neto"": 66.2, ""Marcos José De Abreu"": 14.4, ""Dário Elias Berger"": 8.6, ""Vanderlei Farias"": 6.2, ""Pedro De Assis Silvestre"": 4.5, ""Rogerio Silva Portanova"": 0.1, ""Mateus Souza"": 0.0}";0,0000;0,0000;0,0887;0,2401;0,2185;0,5254;0,2886;0,1966;0,4127;0,9564;False;43,3000
Z12-L2216;PARÓQUIA NOSSA SENHORA DO CARMO;RUA PROFESSOR BAYER FILHO, N. 81;COQUEIROS;Coqueiros;Continente;88080300;-27,6089;-48,5791;2661,0000;2661,0000;2538,0000;7,0000;2243,0000;0,1571;2118,0000;92,0000;0,0434;422,0000;0,1992;514,0000;0,2427;2069,0000;286,0000;0,1382;482,0000;0,2330;768,0000;0,3712;1123,0000;0,5116;56,0000;0,0261;535,0000;0,2497;1799,0000;85,0000;0,0472;281,0000;0,1562;366,0000;0,2034;Manoella Vieira Da Silva (PL, 62 votos) | Ingo Camara Althoff (PL, 36 votos) | Alex Fabiano Wehrle (PL, 24 votos);Topazio Silveira Neto (56,4%);"{""Topazio Silveira Neto"": 56.4, ""Marcos José De Abreu"": 20.9, ""Pedro De Assis Silvestre"": 13.0, ""Vanderlei Farias"": 5.8, ""Dário Elias Berger"": 3.7, ""Rogerio Silva Portanova"": 0.2, ""Brunno Andrade Dias"": 0.1}";1,0000;0,0019;0,0601;0,2537;0,5329;0,5697;0,2663;0,3781;0,3084;0,8507;False;43,3000
Z100-L1643;ESCOLA BASICA MARIA TOMAZIA COELHO;RUA VEREADOR ONILDO LEMOS, 1409;ARANHAS/SANTINHO;Santinho;Norte da Ilha;88058700;-27,4553;-48,3807;3550,0000;3550,0000;3642,0000;9,0000;2755,0000;0,2239;2455,0000;47,0000;0,0191;512,0000;0,2086;559,0000;0,2277;2431,0000;188,0000;0,0773;497,0000;0,2044;685,0000;0,2818;1354,0000;0,5041;27,0000;0,0106;643,0000;0,2522;2389,0000;57,0000;0,0239;498,0000;0,2085;555,0000;0,2323;Manuel Cristovão Augusto Junior (PL, 304 votos) | João Paulo Ferreira (PL, 58 votos) | Marcelo Fernando De Oliveira (PL, 24 votos);Topazio Silveira Neto (67,3%);"{""Topazio Silveira Neto"": 67.3, ""Marcos José De Abreu"": 14.7, ""Dário Elias Berger"": 6.8, ""Vanderlei Farias"": 6.1, ""Pedro De Assis Silvestre"": 4.9, ""Rogerio Silva Portanova"": 0.2}";1,0000;0,0018;0,1115;0,1834;0,1958;0,5254;0,2896;0,1768;0,4114;0,9832;False;43,2000
Z13-L1392;ESCOLA BASICA MUNICIPAL DILMA LUCIA DOS SANTOS;RODOVIA SC 406, 6050;ARMAÇÃO DO PÂNTANO DO SUL;Armação;Sul da Ilha;88066000;-27,7533;-48,5103;4609,0000;4609,0000;4715,0000;12,0000;3776,0000;0,1807;3452,0000;58,0000;0,0168;439,0000;0,1272;497,0000;0,1440;3427,0000;179,0000;0,0522;500,0000;0,1459;679,0000;0,1981;1484,0000;0,4067;46,0000;0,0131;629,0000;0,1787;3295,0000;79,0000;0,0240;472,0000;0,1432;551,0000;0,1672;Marcelo Fernando De Oliveira (PL, 132 votos) | Gilberto Alcebiades Pinheiro (PL, 120 votos) | Isabelly Da Silva Santos (NOVO, 42 votos);Topazio Silveira Neto (47,4%);"{""Topazio Silveira Neto"": 47.4, ""Marcos José De Abreu"": 34.1, ""Pedro De Assis Silvestre"": 6.7, ""Dário Elias Berger"": 6.4, ""Vanderlei Farias"": 5.2, ""Rogerio Silva Portanova"": 0.1, ""Brunno Andrade Dias"": 0.0}";1,0000;0,0020;0,1104;0,1872;0,2330;0,5279;0,2575;0,1654;0,5341;0,9119;False;43,0000
Z13-L1716;CENTRO DE DESPORTOS - UFSC;CIDADE UNIVERSITARIA;PANTANAL;Trindade;Centro;88040000;-27,6056;-48,5186;2503,0000;2503,0000;2774,0000;7,0000;2094,0000;0,1634;1919,0000;112,0000;0,0584;227,0000;0,1183;339,0000;0,1767;1923,0000;182,0000;0,0946;226,0000;0,1175;408,0000;0,2122;566,0000;0,2496;65,0000;0,0328;260,0000;0,1311;1698,0000;94,0000;0,0554;170,0000;0,1001;264,0000;0,1555;Manoella Vieira Da Silva (PL, 39 votos) | Rafael Luiz Marques Ary (NOVO, 26 votos) | Gilberto Alcebiades Pinheiro (PL, 18 votos);Marcos José De Abreu (48,5%);"{""Marcos José De Abreu"": 48.5, ""Topazio Silveira Neto"": 37.8, ""Vanderlei Farias"": 6.3, ""Pedro De Assis Silvestre"": 4.2, ""Dário Elias Berger"": 2.5, ""Rogerio Silva Portanova"": 0.5, ""Brunno Andrade Dias"": 0.1}";0,0000;0,0000;0,1610;0,1167;0,4355;0,5126;0,1756;0,4807;0,2901;0,9198;False;42,8000
Z100-L1724;ESCOLA BÁSICA MUNICIPAL VIRGÍLIO REIS VÁRZEA;RUA MANOEL MANCELLOS MOURA, S/N;CANASVIEIRAS;Canasvieiras;Norte da Ilha;88054030;-27,4329;-48,4563;3364,0000;3364,0000;3935,0000;9,0000;2629,0000;0,2185;2435,0000;89,0000;0,0366;568,0000;0,2333;657,0000;0,2698;2412,0000;230,0000;0,0954;604,0000;0,2504;834,0000;0,3458;1391,0000;0,5101;38,0000;0,0152;643,0000;0,2564;2517,0000;104,0000;0,0413;317,0000;0,1259;421,0000;0,1673;Manoella Vieira Da Silva (PL, 51 votos) | Pedro Neves Bueno Cordoba (PL, 31 votos) | Giliard Eliezer Batista Torquato (PL, 28 votos);Topazio Silveira Neto (64,5%);"{""Topazio Silveira Neto"": 64.5, ""Marcos José De Abreu"": 16.0, ""Vanderlei Farias"": 6.7, ""Pedro De Assis Silvestre"": 6.4, ""Dário Elias Berger"": 6.2, ""Rogerio Silva Portanova"": 0.2, ""Brunno Andrade Dias"": 0.0, ""Carlos Rogério Muller"": 0.0}";0,0000;0,0000;0,1017;0,2137;0,3157;0,5574;0,3404;0,3234;0,3898;0,6084;False;42,8000
Z100-L1848;CENTRO DE CIÊNCIAS AGRÁRIA DA UNIVERSIDADE FEDERAL DE SANTA CATRINA;RODOVIA ADMAR GONZAGA, 1346;ITACORUBI;Itacorubi;Centro;88034001;-27,5829;-48,5049;1063,0000;1063,0000;1860,0000;3,0000;996,0000;0,0630;934,0000;77,0000;0,0824;144,0000;0,1542;221,0000;0,2366;924,0000;122,0000;0,1320;134,0000;0,1450;256,0000;0,2771;288,0000;0,2667;34,0000;0,0356;146,0000;0,1530;1227,0000;95,0000;0,0774;182,0000;0,1483;277,0000;0,2258;Manoella Vieira Da Silva (PL, 44 votos) | Giliard Eliezer Batista Torquato (PL, 29 votos) | Rafael Luiz Marques Ary (NOVO, 28 votos);Topazio Silveira Neto (48,1%);"{""Topazio Silveira Neto"": 48.1, ""Marcos José De Abreu"": 40.4, ""Vanderlei Farias"": 4.8, ""Pedro De Assis Silvestre"": 3.4, ""Dário Elias Berger"": 3.0, ""Brunno Andrade Dias"": 0.1, ""Rogerio Silva Portanova"": 0.1}";1,0000;0,0045;0,2183;0,0630;0,6143;0,5334;0,1145;0,6764;0,1232;0,9593;False;42,5000
Z100-L1384;ESCOLA BASICA MUNICIPAL MARIA CONCEICAO NUNES;RUA LUIZ DUARTE, S/N;RIO VERMELHO;Rio Vermelho;Norte da Ilha;88066000;-27,4909;-48,4175;5946,0000;5946,0000;6726,0000;16,0000;4727,0000;0,2050;4201,0000;68,0000;0,0162;714,0000;0,1700;782,0000;0,1861;4070,0000;292,0000;0,0717;736,0000;0,1808;1028,0000;0,2526;2128,0000;0,4698;49,0000;0,0112;951,0000;0,2183;4329,0000;65,0000;0,0150;1506,0000;0,3479;1571,0000;0,3629;João Paulo Ferreira (PL, 1175 votos) | Giliard Eliezer Batista Torquato (PL, 92 votos) | Manoella Vieira Da Silva (PL, 39 votos);Topazio Silveira Neto (65,0%);"{""Topazio Silveira Neto"": 65.0, ""Marcos José De Abreu"": 18.9, ""Dário Elias Berger"": 6.4, ""Vanderlei Farias"": 5.8, ""Pedro De Assis Silvestre"": 3.5, ""Rogerio Silva Portanova"": 0.2, ""Carlos Rogério Muller"": 0.1, ""Brunno Andrade Dias"": 0.1}";0,0000;0,0000;0,1189;0,1754;0,1687;0,5246;0,4052;0,1322;0,6891;0,3244;False;42,3000
Z13-L1821;COLEGIO DE APLICACAO;CAMPUS UNIVERSITARIO;CARVOEIRA;Trindade;Centro;88040900;-27,6005;-48,5244;2747,0000;2747,0000;2958,0000;7,0000;2294,0000;0,1649;2088,0000;90,0000;0,0431;226,0000;0,1082;316,0000;0,1513;2069,0000;210,0000;0,1015;218,0000;0,1054;428,0000;0,2069;587,0000;0,2578;46,0000;0,0212;253,0000;0,1167;1917,0000;93,0000;0,0485;187,0000;0,0975;280,0000;0,1461;Manoella Vieira Da Silva (PL, 39 votos) | João Ricardo Padilha Santos (PL, 28 votos) | Giliard Eliezer Batista Torquato (PL, 27 votos);Marcos José De Abreu (46,0%);"{""Marcos José De Abreu"": 46.0, ""Topazio Silveira Neto"": 37.1, ""Dário Elias Berger"": 7.2, ""Vanderlei Farias"": 6.0, ""Pedro De Assis Silvestre"": 3.4, ""Brunno Andrade Dias"": 0.1, ""Rogerio Silva Portanova"": 0.1, ""Carlos Rogério Muller"": 0.1}";0,0000;0,0000;0,2035;0,0990;0,3688;0,5388;0,1637;0,3807;0,3183;0,9807;False;41,2000
Z100-L1341;ESCOLA BÁSICA MUNICIPAL OSVALDO MACHADO;RUA LUIZ BOITEUX PIAZZA, 6542;PONTA DAS CANAS;Ponta das Canas;Norte da Ilha;88056000;-27,3951;-48,4294;3499,0000;3499,0000;3847,0000;10,0000;2968,0000;0,1518;2778,0000;64,0000;0,0230;415,0000;0,1494;479,0000;0,1724;2751,0000;160,0000;0,0582;371,0000;0,1349;531,0000;0,1930;1513,0000;0,5221;34,0000;0,0120;611,0000;0,2155;2895,0000;63,0000;0,0218;476,0000;0,1644;539,0000;0,1862;Ana Candida Martinelli Neves (PL, 104 votos) | Alex Fabiano Wehrle (PL, 91 votos) | Marcos Antonio De Souza (PL, 79 votos);Topazio Silveira Neto (70,8%);"{""Topazio Silveira Neto"": 70.8, ""Marcos José De Abreu"": 14.9, ""Pedro De Assis Silvestre"": 4.8, ""Vanderlei Farias"": 4.7, ""Dário Elias Berger"": 4.3, ""Rogerio Silva Portanova"": 0.3, ""Carlos Rogério Muller"": 0.1, ""Mateus Souza"": 0.0}";0,0000;0,0000;0,1099;0,1827;0,2047;0,5213;0,2482;0,1894;0,4055;0,9482;False;41,0000
Z100-L1686;ANEXO DA ESCOLA DE ENSINO BÁSICO INTENDENTE JOSÉ FERNANDES;SERVIDÃO MANOEL LAUREANO DOS SANTOS, 1144;SÍTIO CAPIVARI DE BAIXO;Capivari;Norte da Ilha;88058000;-27,4479;-48,3976;3168,0000;3168,0000;4622,0000;8,0000;2403,0000;0,2415;2077,0000;47,0000;0,0226;434,0000;0,2090;481,0000;0,2316;2024,0000;144,0000;0,0711;457,0000;0,2258;601,0000;0,2969;1109,0000;0,4801;21,0000;0,0095;497,0000;0,2239;2695,0000;65,0000;0,0241;588,0000;0,2182;653,0000;0,2423;João Paulo Ferreira (PL, 180 votos) | Marcelo Fernando De Oliveira (PL, 116 votos) | Manuel Cristovão Augusto Junior (PL, 52 votos);Topazio Silveira Neto (64,4%);"{""Topazio Silveira Neto"": 64.4, ""Marcos José De Abreu"": 17.3, ""Dário Elias Berger"": 7.1, ""Vanderlei Farias"": 6.7, ""Pedro De Assis Silvestre"": 4.5, ""Rogerio Silva Portanova"": 0.1, ""Mateus Souza"": 0.0}";0,0000;0,0000;0,2326;0,1335;0,1616;0,5685;0,2492;0,1953;0,3671;0,9599;False;40,6000
Z13-L1350;ESCOLA BASICA MUNICIPAL BATISTA PEREIRA;RODOVIA BALDICERO FILOMENO, 3000;RIBEIRÃO DA ILHA;Alto Ribeirão;Sul da Ilha;88064001;-27,7025;-48,5365;4209,0000;4209,0000;4404,0000;11,0000;3529,0000;0,1616;3130,0000;38,0000;0,0121;534,0000;0,1706;572,0000;0,1827;3014,0000;175,0000;0,0581;635,0000;0,2107;810,0000;0,2687;1568,0000;0,4647;35,0000;0,0107;727,0000;0,2227;3151,0000;36,0000;0,0114;390,0000;0,1238;426,0000;0,1352;Gilberto Alcebiades Pinheiro (PL, 175 votos) | Giliard Eliezer Batista Torquato (PL, 59 votos) | João Ricardo Padilha Santos (PL, 34 votos);Topazio Silveira Neto (55,4%);"{""Topazio Silveira Neto"": 55.4, ""Marcos José De Abreu"": 22.1, ""Dário Elias Berger"": 11.9, ""Pedro De Assis Silvestre"": 5.2, ""Vanderlei Farias"": 5.1, ""Rogerio Silva Portanova"": 0.1, ""Brunno Andrade Dias"": 0.1, ""Carlos Rogério Muller"": 0.0}";0,0000;0,0000;0,1214;0,1623;0,1810;0,5339;0,2964;0,0997;0,4878;0,8189;False;40,3000
Z13-L1759;ESCOLA BÁSICA BEATRIZ DE SOUZA BRITO;RUA DEPUTADO ANTÔNIO EDU VIEIRA, N. 600;PANTANAL;Pantanal;Centro;88040000;-27,6105;-48,5229;2719,0000;2719,0000;2714,0000;8,0000;2294,0000;0,1563;2074,0000;81,0000;0,0391;280,0000;0,1350;361,0000;0,1741;2059,0000;184,0000;0,0894;289,0000;0,1404;473,0000;0,2297;867,0000;0,3838;53,0000;0,0248;381,0000;0,1785;1854,0000;68,0000;0,0367;282,0000;0,1521;350,0000;0,1888;Gilberto Alcebiades Pinheiro (PL, 91 votos) | Manoella Vieira Da Silva (PL, 40 votos) | Giliard Eliezer Batista Torquato (PL, 24 votos);Topazio Silveira Neto (54,0%);"{""Topazio Silveira Neto"": 54.0, ""Marcos José De Abreu"": 27.6, ""Pedro De Assis Silvestre"": 7.4, ""Vanderlei Farias"": 6.2, ""Dário Elias Berger"": 4.5, ""Rogerio Silva Portanova"": 0.3, ""Mateus Souza"": 0.1, ""Brunno Andrade Dias"": 0.1}";0,0000;0,0000;0,1015;0,2140;0,3104;0,5410;0,1870;0,3204;0,3151;0,9445;False;39,9000
Z100-L1279;ESCOLA BÁSICA LUIZ CÂNDIDO DA LUZ -  PONTA DO MORRO;RODOVIA SC 403 KM 3, S/N;VARGEM DO BOM JESUS;Vargem do Bom Jesus;Norte da Ilha;88058200;-27,4488;-48,4342;3638,0000;3638,0000;3803,0000;10,0000;2827,0000;0,2229;2444,0000;40,0000;0,0164;472,0000;0,1931;512,0000;0,2095;2433,0000;165,0000;0,0678;506,0000;0,2080;671,0000;0,2758;1390,0000;0,5137;18,0000;0,0069;573,0000;0,2202;2398,0000;51,0000;0,0213;368,0000;0,1535;419,0000;0,1747;Giliard Eliezer Batista Torquato (PL, 102 votos) | João Paulo Ferreira (PL, 82 votos) | Marcelo Fernando De Oliveira (PL, 37 votos);Topazio Silveira Neto (68,1%);"{""Topazio Silveira Neto"": 68.1, ""Dário Elias Berger"": 11.0, ""Marcos José De Abreu"": 10.9, ""Vanderlei Farias"": 5.4, ""Pedro De Assis Silvestre"": 4.1, ""Rogerio Silva Portanova"": 0.4, ""Brunno Andrade Dias"": 0.1}";0,0000;0,0000;0,1471;0,1344;0,0932;0,5509;0,2653;0,1541;0,4216;0,8678;False;39,8000
Z12-L2070;ESCOLA DE EDUCAÇÃO BÁSICA PROFESSOR ANÍBAL NUNES PIRES;RUA IRMÃ BONAVITA, N. 240;CAPOEIRAS;Capoeiras;Continente;88090150;-27,5977;-48,5977;3322,0000;3322,0000;3240,0000;14,0000;2811,0000;0,1538;2495,0000;70,0000;0,0281;453,0000;0,1816;523,0000;0,2096;2442,0000;238,0000;0,0975;510,0000;0,2088;748,0000;0,3063;1343,0000;0,4923;47,0000;0,0179;666,0000;0,2540;2071,0000;55,0000;0,0266;253,0000;0,1222;308,0000;0,1487;Pedro Neves Bueno Cordoba (PL, 38 votos) | Giliard Eliezer Batista Torquato (PL, 33 votos) | Manoella Vieira Da Silva (PL, 29 votos);Topazio Silveira Neto (59,2%);"{""Topazio Silveira Neto"": 59.2, ""Marcos José De Abreu"": 14.8, ""Pedro De Assis Silvestre"": 12.1, ""Vanderlei Farias"": 7.1, ""Dário Elias Berger"": 6.4, ""Carlos Rogério Muller"": 0.2, ""Rogerio Silva Portanova"": 0.1, ""Mateus Souza"": 0.0}";0,0000;0,0000;0,1165;0,2098;0,2059;0,5078;0,2710;0,2309;0,3850;0,7678;False;39,7000
Z100-L1678;E.B.M. ANTÔNIO PASCHOAL APÓSTOLO;RODOVIA JOÃO GUALBERTO SOARES, 6809;RIO VERMELHO;Rio Vermelho;Norte da Ilha;88060100;-27,4935;-48,4200;4742,0000;4742,0000;4548,0000;12,0000;3577,0000;0,2457;3128,0000;49,0000;0,0157;604,0000;0,1931;653,0000;0,2088;3037,0000;224,0000;0,0738;610,0000;0,2009;834,0000;0,2746;1483,0000;0,4230;39,0000;0,0118;719,0000;0,2183;2558,0000;37,0000;0,0145;837,0000;0,3272;874,0000;0,3417;João Paulo Ferreira (PL, 631 votos) | Giliard Eliezer Batista Torquato (PL, 40 votos) | Manoella Vieira Da Silva (PL, 33 votos);Topazio Silveira Neto (61,7%);"{""Topazio Silveira Neto"": 61.7, ""Marcos José De Abreu"": 22.4, ""Vanderlei Farias"": 6.6, ""Dário Elias Berger"": 4.8, ""Pedro De Assis Silvestre"": 4.2, ""Rogerio Silva Portanova"": 0.2, ""Mateus Souza"": 0.1, ""Brunno Andrade Dias"": 0.0}";0,0000;0,0000;0,1643;0,1320;0,1854;0,5367;0,3383;0,1277;0,5495;0,4922;False;38,9000
Z13-L1333;ESCOLA EDUCAÇÃO BÁSICA TENENTE ALMACHIO;AVENIDA SANTOS DUMONT, N. E025;TAPERA;Base Aérea;Sul da Ilha;88049000;-27,6822;-48,5678;4944,0000;4944,0000;4877,0000;13,0000;3903,0000;0,2106;3315,0000;45,0000;0,0136;529,0000;0,1596;574,0000;0,1732;3269,0000;197,0000;0,0603;601,0000;0,1838;798,0000;0,2441;1762,0000;0,4774;27,0000;0,0075;599,0000;0,1660;3182,0000;26,0000;0,0082;207,0000;0,0651;233,0000;0,0732;Gilberto Alcebiades Pinheiro (PL, 57 votos) | Giliard Eliezer Batista Torquato (PL, 46 votos) | Manoella Vieira Da Silva (PL, 15 votos);Topazio Silveira Neto (55,7%);"{""Topazio Silveira Neto"": 55.7, ""Dário Elias Berger"": 25.3, ""Marcos José De Abreu"": 10.9, ""Pedro De Assis Silvestre"": 4.6, ""Vanderlei Farias"": 3.2, ""Rogerio Silva Portanova"": 0.1, ""Carlos Rogério Muller"": 0.1, ""Brunno Andrade Dias"": 0.0}";0,0000;0,0000;0,1337;0,1612;0,0945;0,5271;0,2974;0,0960;0,5730;0,6184;False;38,8000
Z100-L1910;UDESC - CENTRO DE CIÊNCIAS HUMANAS - FAED;AVENIDA MADRE BENVENUTA, 2007;ITACORUBI;Itacorubi;Centro;88035001;-27,5863;-48,5046;3628,0000;;3628,0000;;;;;;;;;;;;;;;;;;;;;;;;2441,0000;188,0000;0,0770;338,0000;0,1385;526,0000;0,2155;Manoella Vieira Da Silva (PL, 98 votos) | Rafael Luiz Marques Ary (NOVO, 54 votos) | Ingo Camara Althoff (PL, 32 votos);Topazio Silveira Neto (51,4%);"{""Topazio Silveira Neto"": 51.4, ""Marcos José De Abreu"": 35.4, ""Pedro De Assis Silvestre"": 6.3, ""Vanderlei Farias"": 4.1, ""Dário Elias Berger"": 2.5, ""Rogerio Silva Portanova"": 0.2, ""Brunno Andrade Dias"": 0.1, ""Carlos Rogério Muller"": 0.0}";;;;;;;0,0000;0,5181;0,4204;0,8853;False;38,4000
Z12-L1716;ESCOLA DE EDUCAÇÃO BASICA PROFESSOR HENRIQUE STODIECK;RUA ESTEVES JUNIOR, N. 65;CENTRO;Centro;Centro;88015130;-27,5937;-48,5526;1692,0000;1692,0000;1733,0000;7,0000;1368,0000;0,1915;1274,0000;72,0000;0,0565;259,0000;0,2033;331,0000;0,2598;1256,0000;182,0000;0,1449;273,0000;0,2174;455,0000;0,3623;618,0000;0,4612;37,0000;0,0281;341,0000;0,2593;1132,0000;58,0000;0,0512;183,0000;0,1617;241,0000;0,2129;Manoella Vieira Da Silva (PL, 52 votos) | Thiago Jose De Chaves (NOVO, 19 votos) | João Ricardo Padilha Santos (PL, 17 votos);Topazio Silveira Neto (54,8%);"{""Topazio Silveira Neto"": 54.8, ""Marcos José De Abreu"": 27.9, ""Pedro De Assis Silvestre"": 7.1, ""Vanderlei Farias"": 6.7, ""Dário Elias Berger"": 3.5, ""Rogerio Silva Portanova"": 0.1}";0,0000;0,0000;0,0674;0,2937;0,5301;0,5491;0,1715;0,4575;0,1961;0,8213;False;38,3000
Z100-L1627;CRECHE ORLANDINA CORDEIRO;RODOVIA VIRGILIO VARZEA, 380, FONE (48) 3238 0305;SACO GRANDE;Monte Verde;Centro;88032001;-27,5558;-48,4985;2355,0000;2355,0000;2543,0000;6,0000;1815,0000;0,2293;1578,0000;58,0000;0,0368;251,0000;0,1591;309,0000;0,1958;1576,0000;177,0000;0,1123;229,0000;0,1453;406,0000;0,2576;798,0000;0,4542;30,0000;0,0182;330,0000;0,1998;1586,0000;63,0000;0,0397;230,0000;0,1450;293,0000;0,1847;Manoella Vieira Da Silva (PL, 48 votos) | Giliard Eliezer Batista Torquato (PL, 46 votos) | Ingo Camara Althoff (PL, 23 votos);Topazio Silveira Neto (67,2%);"{""Topazio Silveira Neto"": 67.2, ""Marcos José De Abreu"": 14.8, ""Pedro De Assis Silvestre"": 6.5, ""Dário Elias Berger"": 6.4, ""Vanderlei Farias"": 4.9, ""Rogerio Silva Portanova"": 0.1}";1,0000;0,0032;0,1435;0,1028;0,1860;0,5342;0,1601;0,3191;0,2729;0,9585;False;37,9000
Z12-L2208;ESCOLA DE EDUCAÇÃO BÁSICA JORNALISTA JAIRO CALLADO;RUA ANTONIETA DE BARROS, N. 581;ESTREITO;Canto;Continente;88070700;-27,5889;-48,5844;2038,0000;2038,0000;2027,0000;6,0000;1762,0000;0,1354;1618,0000;54,0000;0,0334;437,0000;0,2701;491,0000;0,3035;1597,0000;191,0000;0,1196;432,0000;0,2705;623,0000;0,3901;909,0000;0,5325;37,0000;0,0223;481,0000;0,2894;1393,0000;63,0000;0,0452;267,0000;0,1917;330,0000;0,2369;Manoella Vieira Da Silva (PL, 56 votos) | João Ricardo Padilha Santos (PL, 32 votos) | Alex Fabiano Wehrle (PL, 28 votos);Topazio Silveira Neto (56,6%);"{""Topazio Silveira Neto"": 56.6, ""Marcos José De Abreu"": 20.0, ""Pedro De Assis Silvestre"": 10.3, ""Vanderlei Farias"": 6.7, ""Dário Elias Berger"": 5.7, ""Rogerio Silva Portanova"": 0.6, ""Brunno Andrade Dias"": 0.1, ""Mateus Souza"": 0.1}";2,0000;0,0041;0,0908;0,2920;0,3538;0,5559;0,2544;0,3205;0,2362;0,7461;False;37,8000
Z12-L1813;SALÃO PAROQUIAL DA IGREJA SÃO LUIZ;RUA PADRE SCHRADER, N. 49;AGRONÔMICA;Agronômica;Centro;88025090;-27,5769;-48,5424;1174,0000;1174,0000;1200,0000;3,0000;991,0000;0,1559;941,0000;52,0000;0,0553;218,0000;0,2317;270,0000;0,2869;936,0000;139,0000;0,1485;247,0000;0,2639;386,0000;0,4124;508,0000;0,5205;35,0000;0,0367;274,0000;0,2872;820,0000;48,0000;0,0585;167,0000;0,2037;215,0000;0,2622;Ingo Camara Althoff (PL, 42 votos) | Manoella Vieira Da Silva (PL, 33 votos) | Thiago Jose De Chaves (NOVO, 18 votos);Topazio Silveira Neto (64,7%);"{""Topazio Silveira Neto"": 64.7, ""Marcos José De Abreu"": 16.4, ""Pedro De Assis Silvestre"": 8.4, ""Vanderlei Farias"": 6.1, ""Dário Elias Berger"": 4.0, ""Rogerio Silva Portanova"": 0.2, ""Brunno Andrade Dias"": 0.1}";0,0000;0,0000;0,0758;0,2905;0,5221;0,5434;0,1399;0,4757;0,1361;0,9062;False;37,5000
Z100-L1872;NEIM BARREIRA DO JANGA;RODOVIA VIRGILIO VARZEA, 2507;SACO GRANDE;Saco Grande;Centro;88010102;-27,5393;-48,5025;954,0000;;954,0000;;;;;;;;;;;;;;;;;;;;;;;;661,0000;70,0000;0,1059;98,0000;0,1483;168,0000;0,2542;Alison Dos Santos Fortunato (NOVO, 50 votos) | Giliard Eliezer Batista Torquato (PL, 42 votos) | Manoella Vieira Da Silva (PL, 13 votos);Topazio Silveira Neto (67,8%);"{""Topazio Silveira Neto"": 67.8, ""Marcos José De Abreu"": 14.1, ""Dário Elias Berger"": 8.3, ""Vanderlei Farias"": 5.4, ""Pedro De Assis Silvestre"": 4.1, ""Carlos Rogério Muller"": 0.2, ""Rogerio Silva Portanova"": 0.2}";;;;;;;0,0000;0,7124;0,1106;0,8853;False;36,9000
Z12-L1821;NÚCLEO DE EDUCAÇÃO INFANTIL MUNICIPAL IRMÃO CELSO;RUA RUI BARBOSA, N. 677 F;AGRONÔMICA;Agronômica;Centro;88025301;-27,5742;-48,5370;821,0000;821,0000;;4,0000;654,0000;0,2034;605,0000;34,0000;0,0562;122,0000;0,2017;156,0000;0,2579;589,0000;83,0000;0,1409;130,0000;0,2207;213,0000;0,3616;331,0000;0,5156;22,0000;0,0353;159,0000;0,2552;;;;;;;;;;;1,0000;0,0064;0,1072;0,2473;0,3983;0,5384;0,0808;0,5671;0,0951;0,8853;False;36,1000
Z100-L1171;SENAI - CTAI;RODOVIA SC 401, 3730;SACO GRANDE II;Saco Grande;Centro;88932005;-27,5485;-48,4986;2357,0000;2357,0000;2385,0000;6,0000;1980,0000;0,1599;1765,0000;40,0000;0,0227;289,0000;0,1637;329,0000;0,1864;1758,0000;182,0000;0,1035;273,0000;0,1553;455,0000;0,2588;862,0000;0,4542;24,0000;0,0130;379,0000;0,2060;1620,0000;66,0000;0,0407;264,0000;0,1630;330,0000;0,2037;Giliard Eliezer Batista Torquato (PL, 55 votos) | Manoella Vieira Da Silva (PL, 38 votos) | Ingo Camara Althoff (PL, 22 votos);Topazio Silveira Neto (64,7%);"{""Topazio Silveira Neto"": 64.7, ""Marcos José De Abreu"": 15.3, ""Vanderlei Farias"": 6.8, ""Pedro De Assis Silvestre"": 6.6, ""Dário Elias Berger"": 6.2, ""Rogerio Silva Portanova"": 0.3, ""Mateus Souza"": 0.1}";2,0000;0,0061;0,1082;0,1761;0,2049;0,5163;0,1705;0,2514;0,2731;0,9347;False;36,1000
Z100-L1287;ASSOCIAÇÃO DOS ECONOMIÁRIOS FEDERAIS DE SC;RUA ALAMEDA CÉSAR NASCIMENTO, 700;JURERÊ;Jurere Leste;Norte da Ilha;88053400;-27,4388;-48,4910;1508,0000;1508,0000;1596,0000;4,0000;1235,0000;0,1810;1149,0000;67,0000;0,0583;296,0000;0,2576;363,0000;0,3159;1150,0000;163,0000;0,1417;320,0000;0,2783;483,0000;0,4200;686,0000;0,5707;53,0000;0,0447;382,0000;0,3218;1100,0000;44,0000;0,0400;219,0000;0,1991;263,0000;0,2391;Manoella Vieira Da Silva (PL, 40 votos) | Ingo Camara Althoff (PL, 31 votos) | Eduardo Bastos Moreira Lima (PL, 28 votos);Topazio Silveira Neto (66,9%);"{""Topazio Silveira Neto"": 66.9, ""Marcos José De Abreu"": 16.5, ""Pedro De Assis Silvestre"": 6.9, ""Vanderlei Farias"": 4.9, ""Dário Elias Berger"": 4.5, ""Rogerio Silva Portanova"": 0.4}";0,0000;0,0000;0,0511;0,3455;0,5159;0,5351;0,1881;0,4288;0,1748;0,7068;False;35,9000
Z12-L1775;COLÉGIO ADVENTISTA DE FLORIANÓPOLIS - UNIDADE CENTRO;RUA VISCONDE DE OURO PRETO N 347;CENTRO;Centro;Centro;88020040;-27,5937;-48,5475;1659,0000;1659,0000;1707,0000;8,0000;1287,0000;0,2242;1207,0000;36,0000;0,0298;296,0000;0,2452;332,0000;0,2751;1195,0000;150,0000;0,1255;293,0000;0,2452;443,0000;0,3707;649,0000;0,5147;24,0000;0,0194;341,0000;0,2754;1039,0000;68,0000;0,0654;169,0000;0,1627;237,0000;0,2281;Manoella Vieira Da Silva (PL, 29 votos) | Thiago Jose De Chaves (NOVO, 28 votos) | Ingo Camara Althoff (PL, 24 votos);Topazio Silveira Neto (61,1%);"{""Topazio Silveira Neto"": 61.1, ""Marcos José De Abreu"": 23.1, ""Pedro De Assis Silvestre"": 7.3, ""Vanderlei Farias"": 4.3, ""Dário Elias Berger"": 3.6, ""Rogerio Silva Portanova"": 0.3, ""Carlos Rogério Muller"": 0.2, ""Brunno Andrade Dias"": 0.1}";0,0000;0,0000;0,1429;0,3153;0,4961;0,5533;0,1720;0,3706;0,1923;0,8212;False;35,8000
Z12-L1163;FAESC - FEDERAÇÃO DE AGRICULTURA E PECUÁRIA DE SANTA CATARINA;RUA DELMINDA SILVEIRA, N.200;AGRONÔMICA;Agronômica;Centro;88025500;-27,5746;-48,5330;1237,0000;1237,0000;1116,0000;4,0000;826,0000;0,3323;751,0000;38,0000;0,0506;108,0000;0,1438;146,0000;0,1944;744,0000;88,0000;0,1183;118,0000;0,1586;206,0000;0,2769;314,0000;0,3930;18,0000;0,0232;144,0000;0,1858;683,0000;42,0000;0,0615;87,0000;0,1274;129,0000;0,1889;Ingo Camara Althoff (PL, 17 votos) | Manoella Vieira Da Silva (PL, 13 votos) | João Ricardo Padilha Santos (PL, 12 votos);Topazio Silveira Neto (57,6%);"{""Topazio Silveira Neto"": 57.6, ""Marcos José De Abreu"": 22.8, ""Vanderlei Farias"": 7.0, ""Pedro De Assis Silvestre"": 6.4, ""Dário Elias Berger"": 6.0, ""Rogerio Silva Portanova"": 0.3}";0,0000;0,0000;0,1399;0,2175;0,3250;0,4285;0,0756;0,4621;0,1434;0,9797;False;35,6000
Z13-L1813;UFSC - CENTRO DE FILOSOFIA E CIENCIAS HUMANAS - CFH;CAMPUS UNIVERSITARIO, S/N;TRINDADE;Trindade;Centro;88040900;-27,6024;-48,5233;2232,0000;2232,0000;2394,0000;7,0000;1898,0000;0,1496;1768,0000;56,0000;0,0317;176,0000;0,0995;232,0000;0,1312;1761,0000;106,0000;0,0602;188,0000;0,1068;294,0000;0,1670;440,0000;0,2372;33,0000;0,0181;227,0000;0,1248;1649,0000;65,0000;0,0394;141,0000;0,0855;206,0000;0,1249;Manoella Vieira Da Silva (PL, 37 votos) | Giliard Eliezer Batista Torquato (PL, 17 votos) | Ingo Camara Althoff (PL, 14 votos);Marcos José De Abreu (52,6%);"{""Marcos José De Abreu"": 52.6, ""Topazio Silveira Neto"": 31.8, ""Vanderlei Farias"": 6.9, ""Pedro De Assis Silvestre"": 4.5, ""Dário Elias Berger"": 3.8, ""Rogerio Silva Portanova"": 0.3, ""Carlos Rogério Muller"": 0.1, ""Mateus Souza"": 0.1}";1,0000;0,0043;0,1398;0,1989;0,4830;0,5403;0,1202;0,2924;0,2587;0,9768;False;35,4000
Z100-L1260;ESCOLA BASICA MUNICIPAL ALBERTINA MADALENA DIAS;RUA CRISTOVAO MACHADO DE CAMPOS, N. 1537;VARGEM GRANDE;Vargem Grande;Norte da Ilha;88056300;-27,4646;-48,4491;1981,0000;1981,0000;1936,0000;5,0000;1642,0000;0,1711;1483,0000;34,0000;0,0229;252,0000;0,1699;286,0000;0,1929;1442,0000;137,0000;0,0950;240,0000;0,1664;377,0000;0,2614;797,0000;0,5051;23,0000;0,0150;358,0000;0,2331;1327,0000;62,0000;0,0467;211,0000;0,1590;273,0000;0,2057;Marcelo Fernando De Oliveira (PL, 54 votos) | Rodrigo Almeida Ventura (NOVO, 41 votos) | Giliard Eliezer Batista Torquato (PL, 37 votos);Topazio Silveira Neto (62,5%);"{""Topazio Silveira Neto"": 62.5, ""Marcos José De Abreu"": 16.9, ""Dário Elias Berger"": 8.5, ""Pedro De Assis Silvestre"": 6.4, ""Vanderlei Farias"": 5.5, ""Carlos Rogério Muller"": 0.1, ""Rogerio Silva Portanova"": 0.1}";0,0000;0,0000;0,1479;0,1686;0,1418;0,5422;0,1482;0,2728;0,2296;0,9516;False;35,1000
Z13-L1902;COLÉGIO IDENTIDADE;AV. PEQUENO PRÍNCIPE, 525;CAMPECHE;Campeche Central;Sul da Ilha;88063000;-27,6742;-48,5022;1136,0000;1136,0000;1638,0000;3,0000;1040,0000;0,0845;968,0000;45,0000;0,0465;192,0000;0,1983;237,0000;0,2448;965,0000;91,0000;0,0943;191,0000;0,1979;282,0000;0,2922;348,0000;0,3225;31,0000;0,0311;208,0000;0,2088;1079,0000;41,0000;0,0380;220,0000;0,2039;261,0000;0,2419;Gilberto Alcebiades Pinheiro (PL, 100 votos) | João Ricardo Padilha Santos (PL, 21 votos) | Manoella Vieira Da Silva (PL, 18 votos);Marcos José De Abreu (45,8%);"{""Marcos José De Abreu"": 45.8, ""Topazio Silveira Neto"": 44.3, ""Vanderlei Farias"": 3.9, ""Dário Elias Berger"": 3.1, ""Pedro De Assis Silvestre"": 2.7, ""Mateus Souza"": 0.2, ""Rogerio Silva Portanova"": 0.1}";0,0000;0,0000;0,1488;0,1030;0,5185;0,6056;0,1228;0,3624;0,1316;0,9896;False;34,9000
Z12-L2178;COLÉGIO ADVENTISTA DE FLORIANÓPOLIS - UNIDADE ESTREITO;RUA DOM DANIEL HOSTIM, 129;ESTREITO;Jardim Atlântico;Continente;88090330;-27,5870;-48,5973;3080,0000;3080,0000;2974,0000;8,0000;2439,0000;0,2081;2098,0000;32,0000;0,0153;338,0000;0,1611;370,0000;0,1764;2075,0000;165,0000;0,0795;360,0000;0,1735;525,0000;0,2530;1010,0000;0,4344;20,0000;0,0091;498,0000;0,2254;1792,0000;34,0000;0,0190;221,0000;0,1233;255,0000;0,1423;Giliard Eliezer Batista Torquato (PL, 44 votos) | Gilberto Alcebiades Pinheiro (PL, 26 votos) | Manoella Vieira Da Silva (PL, 23 votos);Topazio Silveira Neto (60,5%);"{""Topazio Silveira Neto"": 60.5, ""Marcos José De Abreu"": 14.1, ""Pedro De Assis Silvestre"": 9.6, ""Dário Elias Berger"": 8.2, ""Vanderlei Farias"": 7.4, ""Rogerio Silva Portanova"": 0.2, ""Brunno Andrade Dias"": 0.1, ""Carlos Rogério Muller"": 0.1}";0,0000;0,0000;0,1182;0,1425;0,1120;0,5438;0,1917;0,1408;0,3569;0,8705;False;34,8000
Z100-L1295;CRECHE MARIA TEREZINHA SARDÁ DA LUZ (ANTIGO N.E.I. PRAIA DO FORTE);RUA JOSE CARDOSO OLIVEIRA, 3547;JURERÊ INTERNACIONAL;Forte;Norte da Ilha;88053306;-27,4332;-48,5156;856,0000;856,0000;1001,0000;3,0000;738,0000;0,1379;677,0000;48,0000;0,0709;161,0000;0,2378;209,0000;0,3087;659,0000;91,0000;0,1381;162,0000;0,2458;253,0000;0,3839;416,0000;0,5030;11,0000;0,0158;189,0000;0,2716;665,0000;40,0000;0,0602;119,0000;0,1789;159,0000;0,2391;Manoella Vieira Da Silva (PL, 34 votos) | João Ricardo Padilha Santos (PL, 15 votos) | Ingo Camara Althoff (PL, 13 votos);Topazio Silveira Neto (70,1%);"{""Topazio Silveira Neto"": 70.1, ""Marcos José De Abreu"": 17.8, ""Pedro De Assis Silvestre"": 4.4, ""Vanderlei Farias"": 4.0, ""Dário Elias Berger"": 3.4, ""Rogerio Silva Portanova"": 0.3}";0,0000;0,0000;0,1647;0,2208;0,3984;0,5210;0,1083;0,5601;0,0992;0,7344;False;34,7000
Z100-L1708;E.E.M. JACÓ ANDERLE;RUA FRANCISCO FAUSTO MARTINS, S/N;VARGEM GRANDE;Vargem de Fora;Norte da Ilha;88052810;-27,4518;-48,4544;2378,0000;2378,0000;2781,0000;7,0000;1738,0000;0,2691;1492,0000;32,0000;0,0214;242,0000;0,1622;274,0000;0,1836;1465,0000;92,0000;0,0628;250,0000;0,1706;342,0000;0,2334;749,0000;0,4401;14,0000;0,0088;322,0000;0,2016;1542,0000;55,0000;0,0357;247,0000;0,1602;302,0000;0,1958;Giliard Eliezer Batista Torquato (PL, 74 votos) | João Paulo Ferreira (PL, 52 votos) | Marcelo Fernando De Oliveira (PL, 25 votos);Topazio Silveira Neto (66,7%);"{""Topazio Silveira Neto"": 66.7, ""Marcos José De Abreu"": 15.2, ""Dário Elias Berger"": 7.5, ""Vanderlei Farias"": 6.3, ""Pedro De Assis Silvestre"": 3.7, ""Carlos Rogério Muller"": 0.3, ""Rogerio Silva Portanova"": 0.1, ""Brunno Andrade Dias"": 0.1, ""Mateus Souza"": 0.1}";0,0000;0,0000;0,3015;0,0955;0,0770;0,5437;0,1420;0,2282;0,2756;0,9542;False;34,6000
Z100-L1201;SESC - SERVICO SOCIAL DO COMERCIO;RODOVIA HAROLDO SOARES GLAVAN, 1670;CACUPÉ;Cacupé;Centro;88050000;-27,5428;-48,5233;798,0000;798,0000;775,0000;2,0000;681,0000;0,1466;626,0000;29,0000;0,0463;143,0000;0,2284;172,0000;0,2748;613,0000;74,0000;0,1207;138,0000;0,2251;212,0000;0,3458;333,0000;0,5053;16,0000;0,0249;158,0000;0,2461;556,0000;42,0000;0,0755;97,0000;0,1745;139,0000;0,2500;Manoella Vieira Da Silva (PL, 25 votos) | Mario Rogerio Cardoso (NOVO, 16 votos) | Ingo Camara Althoff (PL, 12 votos);Topazio Silveira Neto (56,5%);"{""Topazio Silveira Neto"": 56.5, ""Marcos José De Abreu"": 24.5, ""Pedro De Assis Silvestre"": 7.5, ""Vanderlei Farias"": 5.7, ""Dário Elias Berger"": 4.7, ""Rogerio Silva Portanova"": 0.9, ""Brunno Andrade Dias"": 0.2}";1,0000;0,0058;0,0702;0,2970;0,4612;0,5163;0,0891;0,4878;0,0925;0,9061;False;34,6000
Z13-L1589;CONSELHO COMUNITÁRIO DO SACO DOS LIMÕES;RUA JOÃO MOTTA ESPEZIM, N. 783;SACO DOS LIMÕES;Saco dos Limões;Centro;88045400;-27,6086;-48,5323;2072,0000;2072,0000;1983,0000;7,0000;1732,0000;0,1641;1505,0000;45,0000;0,0299;238,0000;0,1581;283,0000;0,1880;1475,0000;142,0000;0,0963;250,0000;0,1695;392,0000;0,2658;671,0000;0,4099;32,0000;0,0201;319,0000;0,2004;1349,0000;31,0000;0,0230;217,0000;0,1609;248,0000;0,1838;Gilberto Alcebiades Pinheiro (PL, 72 votos) | Manoella Vieira Da Silva (PL, 26 votos) | Giliard Eliezer Batista Torquato (PL, 24 votos);Topazio Silveira Neto (56,2%);"{""Topazio Silveira Neto"": 56.2, ""Marcos José De Abreu"": 19.8, ""Dário Elias Berger"": 8.6, ""Vanderlei Farias"": 7.8, ""Pedro De Assis Silvestre"": 7.5, ""Rogerio Silva Portanova"": 0.1}";0,0000;0,0000;0,0763;0,1240;0,2428;0,5285;0,1466;0,2282;0,2401;0,9848;False;34,5000
Z13-L1724;CRECHE WALDEMAR DA SILVA FILHO;AVENIDA  MADRE BENVENUTA, 521;TRINDADE;Trindade;Centro;88035000;-27,5917;-48,5162;857,0000;857,0000;898,0000;4,0000;707,0000;0,1750;663,0000;32,0000;0,0483;140,0000;0,2112;172,0000;0,2594;656,0000;84,0000;0,1280;126,0000;0,1921;210,0000;0,3201;299,0000;0,4315;20,0000;0,0292;142,0000;0,2076;593,0000;40,0000;0,0675;100,0000;0,1686;140,0000;0,2361;Manoella Vieira Da Silva (PL, 17 votos) | João Ricardo Padilha Santos (PL, 14 votos) | Giliard Eliezer Batista Torquato (PL, 11 votos);Topazio Silveira Neto (56,3%);"{""Topazio Silveira Neto"": 56.3, ""Marcos José De Abreu"": 27.8, ""Pedro De Assis Silvestre"": 8.4, ""Vanderlei Farias"": 4.5, ""Dário Elias Berger"": 2.8, ""Rogerio Silva Portanova"": 0.2}";0,0000;0,0000;0,0525;0,1599;0,5111;0,5659;0,0891;0,4704;0,0993;0,9116;False;34,4000
Z100-L1309;ESCOLA BÁSICA JURERÊ (ANTIGA ESCOLA PRAIA DE FORA);RUA JURERE TRADICIONAL, 230;JURERÊ TRADICIONAL;Jurere Leste;Norte da Ilha;88054750;-27,4422;-48,4837;1542,0000;1542,0000;1635,0000;4,0000;1336,0000;0,1336;1202,0000;47,0000;0,0391;265,0000;0,2205;312,0000;0,2596;1193,0000;127,0000;0,1065;266,0000;0,2230;393,0000;0,3294;736,0000;0,5517;32,0000;0,0254;343,0000;0,2724;1141,0000;55,0000;0,0482;182,0000;0,1595;237,0000;0,2077;Manoella Vieira Da Silva (PL, 44 votos) | Giliard Eliezer Batista Torquato (PL, 19 votos) | Ingo Camara Althoff (PL, 16 votos);Topazio Silveira Neto (67,3%);"{""Topazio Silveira Neto"": 67.3, ""Marcos José De Abreu"": 16.3, ""Pedro De Assis Silvestre"": 6.8, ""Vanderlei Farias"": 5.6, ""Dário Elias Berger"": 3.6, ""Mateus Souza"": 0.3}";0,0000;0,0000;0,1057;0,2231;0,3385;0,5577;0,1617;0,3594;0,1787;0,8024;False;34,4000
Z12-L2127;FUNASA - FUNDAÇÃO NACIONAL DE SAÚDE;AVENIDA MARINHEIRO MAX SCHRAMM,  N. 2179;ESTREITO;Canto;Continente;88095001;-27,5818;-48,5861;1160,0000;1160,0000;1140,0000;4,0000;1006,0000;0,1328;950,0000;43,0000;0,0453;229,0000;0,2411;272,0000;0,2863;919,0000;108,0000;0,1175;255,0000;0,2775;363,0000;0,3950;533,0000;0,5384;16,0000;0,0167;285,0000;0,2981;798,0000;36,0000;0,0451;160,0000;0,2005;196,0000;0,2456;Manoella Vieira Da Silva (PL, 29 votos) | Ingo Camara Althoff (PL, 19 votos) | João Ricardo Padilha Santos (PL, 19 votos);Topazio Silveira Neto (59,9%);"{""Topazio Silveira Neto"": 59.9, ""Marcos José De Abreu"": 17.3, ""Pedro De Assis Silvestre"": 13.5, ""Vanderlei Farias"": 4.7, ""Dário Elias Berger"": 4.3, ""Rogerio Silva Portanova"": 0.2, ""Brunno Andrade Dias"": 0.1}";1,0000;0,0037;0,0819;0,2103;0,4483;0,5259;0,1409;0,3801;0,1344;0,8451;False;33,8000
Z100-L1244;ESCOLA BASICA MUNICIPAL MANCIO COSTA - ESCOLA DO FUTUROI;ESTRADA JOÃO JANUÁRIO DA SILVA S/N;RATONES;Ratones;Norte da Ilha;88052000;-27,5099;-48,4894;2472,0000;2472,0000;2583,0000;7,0000;2032,0000;0,1780;1827,0000;46,0000;0,0252;385,0000;0,2107;431,0000;0,2359;1808,0000;121,0000;0,0669;346,0000;0,1914;467,0000;0,2583;1146,0000;0,5862;23,0000;0,0121;553,0000;0,2911;1881,0000;47,0000;0,0250;240,0000;0,1276;287,0000;0,1526;Giliard Eliezer Batista Torquato (PL, 67 votos) | Manoella Vieira Da Silva (PL, 31 votos) | Ingo Camara Althoff (PL, 25 votos);Topazio Silveira Neto (68,0%);"{""Topazio Silveira Neto"": 68.0, ""Marcos José De Abreu"": 15.0, ""Dário Elias Berger"": 7.5, ""Pedro De Assis Silvestre"": 5.7, ""Vanderlei Farias"": 3.4, ""Carlos Rogério Muller"": 0.2, ""Rogerio Silva Portanova"": 0.2, ""Brunno Andrade Dias"": 0.1}";0,0000;0,0000;0,1210;0,1873;0,1448;0,5214;0,2233;0,2111;0,2865;0,6820;False;33,4000
Z12-L2135;ESCOLA DE EDUCAÇÃO BÁSICA AMÉRICA DUTRA MACHADO;RUA JOAQUIM NABUCO N. 2875;MONTE CRISTO;Monte Cristo;Continente;88090060;-27,5907;-48,6028;4048,0000;4048,0000;4166,0000;11,0000;3130,0000;0,2268;2641,0000;21,0000;0,0080;304,0000;0,1151;325,0000;0,1231;2605,0000;113,0000;0,0434;269,0000;0,1033;382,0000;0,1466;1003,0000;0,3386;15,0000;0,0054;438,0000;0,1585;2485,0000;10,0000;0,0040;193,0000;0,0777;203,0000;0,0817;Giliard Eliezer Batista Torquato (PL, 78 votos) | Manoella Vieira Da Silva (PL, 13 votos) | Ana Candida Martinelli Neves (PL, 12 votos);Topazio Silveira Neto (57,8%);"{""Topazio Silveira Neto"": 57.8, ""Marcos José De Abreu"": 12.4, ""Vanderlei Farias"": 11.9, ""Dário Elias Berger"": 9.5, ""Pedro De Assis Silvestre"": 7.8, ""Rogerio Silva Portanova"": 0.4, ""Brunno Andrade Dias"": 0.0, ""Carlos Rogério Muller"": 0.0}";0,0000;0,0000;0,1695;0,1275;0,0277;0,5835;0,1684;0,0537;0,4691;0,8426;False;33,4000
Z12-L2461;FUCAS - FUNDAÇÃO CATARINENSE DE ASSISTÊNCIA SOCIAL;AVENIDA GOVERNADOR IVO SILVEIRA, N 1015;CAPOEIRAS;Coqueiros;Continente;88085000;-27,5978;-48,5760;2908,0000;;2908,0000;;;;;;;;;;;;;;;;;;;;;;;;1886,0000;112,0000;0,0594;319,0000;0,1691;431,0000;0,2285;Manoella Vieira Da Silva (PL, 65 votos) | Felipe Keizo Goto (NOVO, 41 votos) | Pedro Neves Bueno Cordoba (PL, 37 votos);Topazio Silveira Neto (56,4%);"{""Topazio Silveira Neto"": 56.4, ""Marcos José De Abreu"": 19.8, ""Pedro De Assis Silvestre"": 11.6, ""Vanderlei Farias"": 6.8, ""Dário Elias Berger"": 5.0, ""Carlos Rogério Muller"": 0.2, ""Mateus Souza"": 0.1, ""Rogerio Silva Portanova"": 0.1}";;;;;;;0,0000;0,3995;0,3370;0,8853;False;33,3000
Z100-L1473;ESCOLA BÁSICA MUNICIPAL DONICIA MARIA DA COSTA;RODOVIA VIRGILIO VARZEA, S/N;SACO GRANDE II;Saco Grande;Centro;88032001;-27,5488;-48,4967;1779,0000;1779,0000;1800,0000;5,0000;1438,0000;0,1917;1252,0000;36,0000;0,0288;165,0000;0,1318;201,0000;0,1605;1268,0000;116,0000;0,0915;156,0000;0,1230;272,0000;0,2145;547,0000;0,3964;15,0000;0,0112;243,0000;0,1818;1188,0000;44,0000;0,0370;147,0000;0,1237;191,0000;0,1608;Giliard Eliezer Batista Torquato (PL, 37 votos) | Manoella Vieira Da Silva (PL, 33 votos) | João Paulo Ferreira (PL, 17 votos);Topazio Silveira Neto (63,5%);"{""Topazio Silveira Neto"": 63.5, ""Marcos José De Abreu"": 16.6, ""Vanderlei Farias"": 7.6, ""Pedro De Assis Silvestre"": 6.3, ""Dário Elias Berger"": 5.5, ""Mateus Souza"": 0.2, ""Rogerio Silva Portanova"": 0.2, ""Carlos Rogério Muller"": 0.1}";2,0000;0,0100;0,1535;0,1119;0,1984;0,5548;0,1041;0,2697;0,2062;1,0000;False;33,3000
Z13-L1660;ASSOCIACAO DOS MORADORES DO PORTO DA LAGOA;RUA LAURINDO JANUARIO DA SILVEIRA, 5500;PORTO DA LAGOA;Porto da Lagoa;Leste/Lagoa;88062200;-27,6327;-48,4725;1188,0000;1188,0000;1224,0000;3,0000;990,0000;0,1667;925,0000;46,0000;0,0497;144,0000;0,1557;190,0000;0,2054;908,0000;84,0000;0,0925;148,0000;0,1630;232,0000;0,2555;381,0000;0,3985;38,0000;0,0410;192,0000;0,2071;875,0000;29,0000;0,0331;139,0000;0,1589;168,0000;0,1920;Gilberto Alcebiades Pinheiro (PL, 37 votos) | Manoella Vieira Da Silva (PL, 34 votos) | Katia Chubaci (PL, 16 votos);Topazio Silveira Neto (48,6%);"{""Topazio Silveira Neto"": 48.6, ""Marcos José De Abreu"": 40.9, ""Dário Elias Berger"": 4.0, ""Pedro De Assis Silvestre"": 3.4, ""Vanderlei Farias"": 3.0, ""Carlos Rogério Muller"": 0.1}";0,0000;0,0000;0,0875;0,1978;0,4453;0,5471;0,0984;0,3624;0,1377;0,9496;False;33,3000
Z100-L1597;ESCOLA DINAMICA;RUA CRISTOVAO MACHADO DE CAMPOS, 1001;VARGEM GRANDE;Vargem Grande;Norte da Ilha;88052600;-27,4604;-48,4488;1583,0000;1583,0000;1540,0000;4,0000;1259,0000;0,2047;1095,0000;31,0000;0,0283;196,0000;0,1790;227,0000;0,2073;1077,0000;100,0000;0,0929;213,0000;0,1978;313,0000;0,2906;571,0000;0,4794;25,0000;0,0216;258,0000;0,2228;993,0000;39,0000;0,0393;180,0000;0,1813;219,0000;0,2205;Marcelo Fernando De Oliveira (PL, 41 votos) | Giliard Eliezer Batista Torquato (PL, 35 votos) | Manoella Vieira Da Silva (PL, 18 votos);Topazio Silveira Neto (63,4%);"{""Topazio Silveira Neto"": 63.4, ""Marcos José De Abreu"": 16.1, ""Dário Elias Berger"": 7.4, ""Vanderlei Farias"": 6.5, ""Pedro De Assis Silvestre"": 6.1, ""Carlos Rogério Muller"": 0.3, ""Rogerio Silva Portanova"": 0.2, ""Brunno Andrade Dias"": 0.1}";0,0000;0,0000;0,0828;0,1415;0,1832;0,5193;0,1176;0,2749;0,1835;0,9502;False;32,7000
Z100-L1830;ANEXO II DA ESCOLA INTENDENTE JOSÉ FERNANDES;RUA INTENDENTE JUÃO NUNES VIEIRA, 636;INGLESES;Capivari;Norte da Ilha;88058100;-27,4442;-48,4010;1199,0000;1199,0000;;3,0000;1023,0000;0,1468;913,0000;27,0000;0,0296;256,0000;0,2804;283,0000;0,3100;903,0000;72,0000;0,0797;261,0000;0,2890;333,0000;0,3688;455,0000;0,4505;9,0000;0,0092;246,0000;0,2523;;;;;;;;;;;0,0000;0,0000;0,2527;0,1276;0,2852;0,5972;0,1466;0,2984;0,1390;0,8853;False;32,6000
Z12-L2232;SECRETARIA DE ESTADO DA SEGURANÇA PÚBLICA - CENTRO ADMINISTRATIVO;AVENIDA GOVERNADOR IVO SILVEIRA N 1521;CAPOEIRAS;Capoeiras;Continente;88085000;-27,5982;-48,5786;1563,0000;1563,0000;;5,0000;1257,0000;0,1958;1141,0000;33,0000;0,0289;219,0000;0,1919;252,0000;0,2209;1116,0000;106,0000;0,0950;242,0000;0,2168;348,0000;0,3118;567,0000;0,4667;17,0000;0,0145;283,0000;0,2413;;;;;;;;;;;0,0000;0,0000;0,0615;0,1942;0,2786;0,5723;0,1306;0,2918;0,1811;0,8853;False;32,6000
Z13-L1341;COLÉGIO ESTADUAL DOM JAIME DE BARROS CÂMARA;RODOVIA BALDICERO FILOMENO, N. 7821;RIBEIRÃO DA ILHA;Ribeirão da Ilha;Sul da Ilha;88064002;-27,7217;-48,5639;2378,0000;2378,0000;2430,0000;6,0000;1949,0000;0,1804;1734,0000;30,0000;0,0173;236,0000;0,1361;266,0000;0,1534;1712,0000;117,0000;0,0683;300,0000;0,1752;417,0000;0,2436;814,0000;0,4351;24,0000;0,0133;380,0000;0,2101;1656,0000;22,0000;0,0133;214,0000;0,1292;236,0000;0,1425;Gilberto Alcebiades Pinheiro (PL, 86 votos) | Manoella Vieira Da Silva (PL, 26 votos) | João Ricardo Padilha Santos (PL, 23 votos);Topazio Silveira Neto (54,1%);"{""Topazio Silveira Neto"": 54.1, ""Marcos José De Abreu"": 23.3, ""Dário Elias Berger"": 10.4, ""Pedro De Assis Silvestre"": 6.0, ""Vanderlei Farias"": 5.7, ""Rogerio Silva Portanova"": 0.5}";0,0000;0,0000;0,1329;0,2246;0,2149;0,5050;0,1378;0,1320;0,2756;0,9592;False;31,8000
Z13-L1287;COLÉGIO ESTADUAL JUREMA CAVALAZZI;RUA PROFESSOR ANIBAL NUNES PIRES, S/N;JOSÉ MENDES;José Mendes;Centro;88021015;-27,6125;-48,5455;2586,0000;2586,0000;2682,0000;7,0000;2084,0000;0,1941;1850,0000;26,0000;0,0141;240,0000;0,1297;266,0000;0,1438;1840,0000;106,0000;0,0576;244,0000;0,1326;350,0000;0,1902;770,0000;0,3850;19,0000;0,0098;365,0000;0,1879;1808,0000;31,0000;0,0171;196,0000;0,1084;227,0000;0,1256;Gilberto Alcebiades Pinheiro (PL, 41 votos) | Manoella Vieira Da Silva (PL, 31 votos) | Giliard Eliezer Batista Torquato (PL, 25 votos);Topazio Silveira Neto (58,1%);"{""Topazio Silveira Neto"": 58.1, ""Marcos José De Abreu"": 16.8, ""Vanderlei Farias"": 8.8, ""Pedro De Assis Silvestre"": 8.2, ""Dário Elias Berger"": 7.6, ""Rogerio Silva Portanova"": 0.4, ""Brunno Andrade Dias"": 0.1, ""Carlos Rogério Muller"": 0.1, ""Mateus Souza"": 0.1}";0,0000;0,0000;0,1396;0,1891;0,1388;0,5309;0,1378;0,1286;0,2997;0,9311;False;31,8000
Z12-L2194;CONSELHO COMUNITÁRIO DA COLONINHA;RUA JOÃO EVANGELISTA DA COSTA, N 455;COLONINHA;Coloninha;Continente;88090300;-27,5888;-48,5905;1770,0000;1770,0000;;6,0000;1476,0000;0,1661;1300,0000;29,0000;0,0223;236,0000;0,1815;265,0000;0,2038;1272,0000;100,0000;0,0786;261,0000;0,2052;361,0000;0,2838;660,0000;0,4681;18,0000;0,0133;311,0000;0,2302;;;;;;;;;;;0,0000;0,0000;0,0780;0,2825;0,2124;0,5565;0,1373;0,2251;0,2051;0,8853;False;31,6000
Z12-L2224;O. ASSIST. SOCIAL DOM ORIONE (PARÓQUIA SÃO JOÃO BATISTA E SANTA LUZIA);RUA DIB CHEREM, N. 2698;CAPOEIRAS;Capoeiras;Continente;88090000;-27,5987;-48,5964;1051,0000;1051,0000;1068,0000;4,0000;888,0000;0,1551;817,0000;38,0000;0,0465;163,0000;0,1995;201,0000;0,2460;797,0000;124,0000;0,1556;178,0000;0,2233;302,0000;0,3789;437,0000;0,5099;20,0000;0,0239;220,0000;0,2625;717,0000;25,0000;0,0349;121,0000;0,1688;146,0000;0,2036;Manoella Vieira Da Silva (PL, 26 votos) | Pedro Neves Bueno Cordoba (PL, 15 votos) | João Ricardo Padilha Santos (PL, 12 votos);Topazio Silveira Neto (60,8%);"{""Topazio Silveira Neto"": 60.8, ""Marcos José De Abreu"": 17.1, ""Pedro De Assis Silvestre"": 10.5, ""Dário Elias Berger"": 5.9, ""Vanderlei Farias"": 5.2, ""Mateus Souza"": 0.3, ""Rogerio Silva Portanova"": 0.1}";2,0000;0,0100;0,0733;0,2055;0,3463;0,5376;0,1041;0,3520;0,1218;0,8386;False;31,0000
Z100-L1228;N.E.I. - NÚCLEO DE EDUCAÇÃO INFANTIL MARIA SALOMÉ DOS SANTOS;RUA PROFESSOR EUCLIDES DA CUNHA, S/N;SAMBAQUI;Sambaqui;Centro;88051000;-27,4926;-48,5240;1682,0000;1682,0000;1733,0000;5,0000;1416,0000;0,1581;1309,0000;30,0000;0,0229;167,0000;0,1276;197,0000;0,1505;1281,0000;91,0000;0,0710;184,0000;0,1436;275,0000;0,2147;565,0000;0,4082;19,0000;0,0142;266,0000;0,1994;1234,0000;38,0000;0,0308;132,0000;0,1070;170,0000;0,1378;Manoella Vieira Da Silva (PL, 21 votos) | Giliard Eliezer Batista Torquato (PL, 16 votos) | Pedro Neves Bueno Cordoba (PL, 12 votos);Topazio Silveira Neto (57,8%);"{""Topazio Silveira Neto"": 57.8, ""Marcos José De Abreu"": 23.5, ""Vanderlei Farias"": 7.0, ""Dário Elias Berger"": 5.9, ""Pedro De Assis Silvestre"": 5.7, ""Brunno Andrade Dias"": 0.1}";3,0000;0,0152;0,1058;0,2438;0,3032;0,5333;0,1021;0,2192;0,1949;0,9522;False;30,8000
Z13-L1937;CENTRO PÚBLICO DE CONVIVÊNCIA DA COSTEIRA DO PIRAJUBAÉ;RUA CAMINHO DOS ESTUDANTES, S/N;COSTEIRA DO PIRAJUBAÉ;Costeira do Pirajubaé;Centro;88047002;-27,6454;-48,5226;2806,0000;2806,0000;;8,0000;;;;;;;;;;;;;;;;;;;;;;;;;;;;;;;;;;;;;;;0,0000;0,2918;0,3252;0,8853;False;30,0000
Z12-L2038;INSTITUTO FEDERAL DE SANTA CATARINA - CAMPUS FLORIANOPOLIS CONTINENTE;RUA QUATORZE DE JULHO N 150;COQUEIROS;Coqueiros;Continente;88075010;-27,5997;-48,5722;844,0000;844,0000;1253,0000;3,0000;686,0000;0,1872;630,0000;27,0000;0,0429;110,0000;0,1746;137,0000;0,2175;621,0000;84,0000;0,1353;115,0000;0,1852;199,0000;0,3205;345,0000;0,4825;16,0000;0,0246;158,0000;0,2431;872,0000;35,0000;0,0401;125,0000;0,1433;160,0000;0,1835;Manoella Vieira Da Silva (PL, 23 votos) | João Ricardo Padilha Santos (PL, 16 votos) | Pedro Neves Bueno Cordoba (PL, 15 votos);Topazio Silveira Neto (54,9%);"{""Topazio Silveira Neto"": 54.9, ""Marcos José De Abreu"": 23.0, ""Pedro De Assis Silvestre"": 9.1, ""Dário Elias Berger"": 6.5, ""Vanderlei Farias"": 6.1, ""Rogerio Silva Portanova"": 0.3, ""Brunno Andrade Dias"": 0.1}";2,0000;0,0146;0,0853;0,1919;0,3507;0,5071;0,0710;0,3512;0,0978;0,8709;False;29,5000
Z100-L1457;ASSOCIAÇÃO LOTEAMENTO JOÃO GONZAGA COSTA;RUA DA APICULTURA, 139;SACO GRANDE II;Saco Grande;Centro;88032020;-27,5357;-48,5039;791,0000;791,0000;;2,0000;661,0000;0,1643;584,0000;21,0000;0,0360;94,0000;0,1610;115,0000;0,1969;584,0000;101,0000;0,1729;72,0000;0,1233;173,0000;0,2962;303,0000;0,4810;12,0000;0,0200;112,0000;0,1867;;;;;;;;;;;0,0000;0,0000;0,1214;0,1214;0,1138;0,5424;0,0596;0,3629;0,0917;0,8853;False;29,5000
Z13-L1309;CRECHE HASSIS;AVENIDA JORGE LACERDA, N. 1472;COSTEIRA DO PIRAJUBAÉ;Costeira do Pirajubaé;Centro;88047001;-27,6454;-48,5226;3441,0000;3441,0000;3609,0000;9,0000;2799,0000;0,1866;2466,0000;26,0000;0,0105;433,0000;0,1756;459,0000;0,1861;2406,0000;124,0000;0,0515;433,0000;0,1800;557,0000;0,2315;1277,0000;0,4794;16,0000;0,0062;550,0000;0,2134;2492,0000;27,0000;0,0108;805,0000;0,3230;832,0000;0,3339;Gilberto Alcebiades Pinheiro (PL, 664 votos) | Giliard Eliezer Batista Torquato (PL, 26 votos) | João Ricardo Padilha Santos (PL, 15 votos);Topazio Silveira Neto (65,6%);"{""Topazio Silveira Neto"": 65.6, ""Marcos José De Abreu"": 14.4, ""Dário Elias Berger"": 7.2, ""Vanderlei Farias"": 6.4, ""Pedro De Assis Silvestre"": 6.2, ""Rogerio Silva Portanova"": 0.2, ""Mateus Souza"": 0.1, ""Carlos Rogério Muller"": 0.0}";0,0000;0,0000;0,1104;0,2409;0,1113;0,5219;0,2378;0,0896;0,3988;0,4355;False;29,1000
Z13-L1597;ESCOLA BÁSICA MUNICIPAL TAPERA - ESCOLA DO FUTURO;RODOVIA AÇORIANA, S/N;TAPERA;Tapera da Base;Sul da Ilha;88049100;-27,6909;-48,5557;3312,0000;3312,0000;3590,0000;9,0000;2627,0000;0,2068;2231,0000;10,0000;0,0045;285,0000;0,1277;295,0000;0,1322;2218,0000;98,0000;0,0442;286,0000;0,1289;384,0000;0,1731;1016,0000;0,3966;8,0000;0,0033;289,0000;0,1190;2428,0000;11,0000;0,0045;159,0000;0,0655;170,0000;0,0700;Gilberto Alcebiades Pinheiro (PL, 49 votos) | Giliard Eliezer Batista Torquato (PL, 33 votos) | Pedro Neves Bueno Cordoba (PL, 18 votos);Topazio Silveira Neto (50,5%);"{""Topazio Silveira Neto"": 50.5, ""Dário Elias Berger"": 27.9, ""Marcos José De Abreu"": 12.6, ""Vanderlei Farias"": 5.5, ""Pedro De Assis Silvestre"": 3.2, ""Rogerio Silva Portanova"": 0.3}";0,0000;0,0000;0,1860;0,1437;0,0664;0,5664;0,1528;0,0379;0,3838;0,7628;False;29,0000
Z100-L1660;CONSELHO COMUNITÁRIO PONTAL DO JURERÊ;AVENIDA DAS PALMEIRAS, N. 566;DANIELA;Daniela;Norte da Ilha;88053010;-27,4478;-48,5280;795,0000;795,0000;;2,0000;636,0000;0,2000;600,0000;17,0000;0,0283;155,0000;0,2583;172,0000;0,2867;599,0000;46,0000;0,0768;169,0000;0,2821;215,0000;0,3589;350,0000;0,5564;10,0000;0,0162;189,0000;0,3058;;;;;;;;;;;0,0000;0,0000;0,0918;0,3296;0,4377;0,5182;0,0891;0,2859;0,0921;0,8853;False;28,6000
Z13-L1554;ESCOLA DE ENSINO BASICO JANUARIA TEIXEIRA DA ROCHA;RUA DA CAPELA, N. 1234;CAMPECHE;Campeche Norte;Sul da Ilha;88063400;-27,6760;-48,4837;1189,0000;1189,0000;1311,0000;3,0000;1006,0000;0,1539;945,0000;33,0000;0,0349;130,0000;0,1376;163,0000;0,1725;914,0000;74,0000;0,0810;134,0000;0,1466;208,0000;0,2276;365,0000;0,3672;21,0000;0,0221;151,0000;0,1591;979,0000;33,0000;0,0337;195,0000;0,1992;228,0000;0,2329;Gilberto Alcebiades Pinheiro (PL, 115 votos) | Katia Chubaci (PL, 17 votos) | Manoella Vieira Da Silva (PL, 12 votos);Marcos José De Abreu (45,0%);"{""Marcos José De Abreu"": 45.0, ""Topazio Silveira Neto"": 38.4, ""Vanderlei Farias"": 5.9, ""Dário Elias Berger"": 5.5, ""Pedro De Assis Silvestre"": 4.7, ""Rogerio Silva Portanova"": 0.3, ""Brunno Andrade Dias"": 0.1, ""Carlos Rogério Muller"": 0.1}";0,0000;0,0000;0,0261;0,2574;0,4239;0,5315;0,0845;0,2896;0,1378;0,7697;False;27,6000
Z13-L1384;ESCOLA DE ENSINO FUNDAMENTAL SEVERO HONORATO DA COSTA;RUA OTACILIO ABELARDO GOMES, 115;PÂNTANO DO SUL;Pântano do Sul;Sul da Ilha;88067100;-27,7808;-48,5076;1505,0000;1505,0000;1555,0000;4,0000;1268,0000;0,1575;1168,0000;16,0000;0,0137;153,0000;0,1310;169,0000;0,1447;1155,0000;59,0000;0,0511;140,0000;0,1212;199,0000;0,1723;539,0000;0,4389;16,0000;0,0134;272,0000;0,2276;1127,0000;18,0000;0,0160;157,0000;0,1393;175,0000;0,1553;Gilberto Alcebiades Pinheiro (PL, 51 votos) | Alex Fabiano Wehrle (PL, 20 votos) | João Paulo Ferreira (PL, 18 votos);Topazio Silveira Neto (51,9%);"{""Topazio Silveira Neto"": 51.9, ""Marcos José De Abreu"": 28.3, ""Pedro De Assis Silvestre"": 7.4, ""Vanderlei Farias"": 6.3, ""Dário Elias Berger"": 6.1}";0,0000;0,0000;0,0990;0,2565;0,2053;0,5037;0,0876;0,1228;0,1744;0,9604;False;27,1000
Z13-L1317;ESCOLA ESTADUAL BASICA JULIO DA COSTA NEVES;RUA CAMINHO DOS ESTUDANTES, S/N;COSTEIRA DO PIRAJUBAÉ;Costeira do Pirajubaé;Centro;88047366;-27,6445;-48,5240;2766,0000;;2766,0000;;2243,0000;;1955,0000;45,0000;0,0230;305,0000;0,1560;350,0000;0,1790;1943,0000;121,0000;0,0623;352,0000;0,1812;473,0000;0,2434;1015,0000;0,4774;20,0000;0,0097;440,0000;0,2144;1835,0000;25,0000;0,0136;571,0000;0,3112;596,0000;0,3248;Gilberto Alcebiades Pinheiro (PL, 470 votos) | Manoella Vieira Da Silva (PL, 14 votos) | Giliard Eliezer Batista Torquato (PL, 12 votos);Topazio Silveira Neto (65,1%);"{""Topazio Silveira Neto"": 65.1, ""Marcos José De Abreu"": 15.4, ""Dário Elias Berger"": 7.2, ""Vanderlei Farias"": 6.2, ""Pedro De Assis Silvestre"": 5.9, ""Mateus Souza"": 0.1, ""Rogerio Silva Portanova"": 0.1}";0,0000;0,0000;0,1550;0,1707;0,1390;0,5246;0,1813;0,1620;0,3205;0,4430;False;27,0000
Z100-L1589;ESCOLA BÁSICA MARCOLINO JOSE DE LIMA;RODOVIA  ISID DUTRA, 1200;BARRA DO SAMBAQUI;Barra do Sambaqui;Centro;88051011;-27,4848;-48,5193;787,0000;787,0000;793,0000;2,0000;665,0000;0,1550;581,0000;14,0000;0,0241;72,0000;0,1239;86,0000;0,1480;571,0000;47,0000;0,0823;62,0000;0,1086;109,0000;0,1909;261,0000;0,4156;15,0000;0,0250;126,0000;0,2097;577,0000;16,0000;0,0277;71,0000;0,1231;87,0000;0,1508;Giliard Eliezer Batista Torquato (PL, 18 votos) | João Ricardo Padilha Santos (PL, 10 votos) | Manuel Cristovão Augusto Junior (PL, 10 votos);Topazio Silveira Neto (61,3%);"{""Topazio Silveira Neto"": 61.3, ""Marcos José De Abreu"": 19.8, ""Pedro De Assis Silvestre"": 8.2, ""Vanderlei Farias"": 5.7, ""Dário Elias Berger"": 5.0}";0,0000;0,0000;0,1017;0,1563;0,1931;0,5515;0,0446;0,2148;0,0912;0,9903;False;26,4000
Z13-L1627;ESCOLA DESDOBRADA MUNICIPAL JOAO FRANCISCO GARCES;RUA LAURINDO JANUARIO DA SILVEIRA, 2447;CANTO DA LAGOA;Canto da Lagoa;Leste/Lagoa;88070220;-27,6158;-48,4846;688,0000;688,0000;689,0000;2,0000;587,0000;0,1468;516,0000;20,0000;0,0388;67,0000;0,1298;87,0000;0,1686;512,0000;48,0000;0,0938;79,0000;0,1543;127,0000;0,2480;226,0000;0,4036;11,0000;0,0203;107,0000;0,1971;504,0000;17,0000;0,0337;43,0000;0,0853;60,0000;0,1190;Gilberto Alcebiades Pinheiro (PL, 14 votos) | Felipe Keizo Goto (NOVO, 6 votos) | Katia Chubaci (PL, 5 votos);Topazio Silveira Neto (52,0%);"{""Topazio Silveira Neto"": 52.0, ""Marcos José De Abreu"": 31.7, ""Pedro De Assis Silvestre"": 7.5, ""Dário Elias Berger"": 4.2, ""Vanderlei Farias"": 4.2, ""Mateus Souza"": 0.2, ""Rogerio Silva Portanova"": 0.2}";0,0000;0,0000;0,0640;0,2747;0,3445;0,4913;0,0451;0,3090;0,0797;0,8112;False;25,8000
Z12-L2348;NÚCLEO DE EDUCAÇÃO INFANTIL MUNICIPAL NAGIB JABOR;RUA PROFESSOR CLEMENTINO DE BARROS, N. 570;ESTREITO;Capoeiras;Continente;88070150;-27,5982;-48,5786;1474,0000;;1474,0000;;;;;;;;;;;;;;;;;;;;;;;;937,0000;30,0000;0,0320;130,0000;0,1387;160,0000;0,1708;Giliard Eliezer Batista Torquato (PL, 28 votos) | Manoella Vieira Da Silva (PL, 18 votos) | Pedro Neves Bueno Cordoba (PL, 16 votos);Topazio Silveira Neto (55,5%);"{""Topazio Silveira Neto"": 55.5, ""Marcos José De Abreu"": 16.9, ""Pedro De Assis Silvestre"": 12.0, ""Vanderlei Farias"": 8.5, ""Dário Elias Berger"": 6.9, ""Rogerio Silva Portanova"": 0.3}";;;0,3529;0,0294;0,3824;0,5588;0,0000;0,2154;0,1708;0,8853;False;24,5000
Z100-L1538;CRECHE NEIM VICENTINA MARIA DA COSTA LAURINDO;RODOVIA JOSÉ CARLOS DAUX, 16019 (SC 401 KM 15);VARGEM PEQUENA;Vargem Pequena;Norte da Ilha;88036500;-27,4675;-48,4668;800,0000;800,0000;870,0000;3,0000;640,0000;0,2000;576,0000;17,0000;0,0295;106,0000;0,1840;123,0000;0,2135;568,0000;51,0000;0,0898;117,0000;0,2060;168,0000;0,2958;312,0000;0,4960;8,0000;0,0133;125,0000;0,2076;577,0000;11,0000;0,0191;85,0000;0,1473;96,0000;0,1664;Manoella Vieira Da Silva (PL, 18 votos) | João Paulo Ferreira (PL, 16 votos) | Giliard Eliezer Batista Torquato (PL, 12 votos);Topazio Silveira Neto (64,0%);"{""Topazio Silveira Neto"": 64.0, ""Marcos José De Abreu"": 16.8, ""Dário Elias Berger"": 7.1, ""Pedro De Assis Silvestre"": 5.9, ""Vanderlei Farias"": 5.7, ""Rogerio Silva Portanova"": 0.3, ""Carlos Rogério Muller"": 0.2}";0,0000;0,0000;0,2025;0,1062;0,1837;0,5225;0,0637;0,2130;0,0927;0,8204;False;24,4000
Z13-L1368;ESCOLA MARCELINO BARCELOS DUTRA;RODOVIA BALDICERO FILOMENO, 11264;COSTEIRA DO RIBEIRÃO;Costeira do Ribeirão;Sul da Ilha;88070220;-27,7520;-48,5608;702,0000;702,0000;705,0000;2,0000;606,0000;0,1368;534,0000;7,0000;0,0131;73,0000;0,1367;80,0000;0,1498;495,0000;34,0000;0,0687;106,0000;0,2141;140,0000;0,2828;264,0000;0,4623;10,0000;0,0180;121,0000;0,2176;540,0000;11,0000;0,0204;67,0000;0,1241;78,0000;0,1444;Gilberto Alcebiades Pinheiro (PL, 25 votos) | João Ricardo Padilha Santos (PL, 21 votos) | Manoella Vieira Da Silva (PL, 6 votos);Topazio Silveira Neto (52,6%);"{""Topazio Silveira Neto"": 52.6, ""Marcos José De Abreu"": 22.3, ""Dário Elias Berger"": 9.0, ""Vanderlei Farias"": 8.2, ""Pedro De Assis Silvestre"": 7.8, ""Rogerio Silva Portanova"": 0.2}";0,0000;0,0000;0,0556;0,2934;0,1838;0,5242;0,0415;0,1347;0,0814;0,9803;False;23,7000
Z100-L1899;SALÃO PAROQUIAL DA DANIELA;RUA PITANGUEIRAS, 786;DANIELA;Daniela;Norte da Ilha;88053050;-27,4488;-48,5300;813,0000;;813,0000;;;;;;;;;;;;;;;;;;;;;;;;565,0000;19,0000;0,0336;86,0000;0,1522;105,0000;0,1858;Eduardo Bastos Moreira Lima (PL, 42 votos) | Manoella Vieira Da Silva (PL, 9 votos) | João Ricardo Padilha Santos (PL, 7 votos);Topazio Silveira Neto (62,1%);"{""Topazio Silveira Neto"": 62.1, ""Marcos José De Abreu"": 18.6, ""Pedro De Assis Silvestre"": 8.3, ""Dário Elias Berger"": 5.5, ""Vanderlei Farias"": 4.3, ""Rogerio Silva Portanova"": 1.2}";;;;;;;0,0000;0,2262;0,0942;0,8853;False;23,1000
Z12-L1155;NÚCLEO DE EDUCAÇÃO INFANTIL MUNICIPAL JOÃO MACHADO DA SILVA;TRAVESSA JOSÉ PEDRO GIL, N. 195;AGRONÔMICA;Agronômica;Centro;88025030;-27,5803;-48,5402;854,0000;854,0000;936,0000;3,0000;728,0000;0,1475;656,0000;12,0000;0,0183;98,0000;0,1494;110,0000;0,1677;638,0000;43,0000;0,0674;85,0000;0,1332;128,0000;0,2006;294,0000;0,4158;7,0000;0,0103;134,0000;0,1968;718,0000;15,0000;0,0209;139,0000;0,1936;154,0000;0,2145;Giliard Eliezer Batista Torquato (PL, 83 votos) | Gilberto Alcebiades Pinheiro (PL, 11 votos) | Ana Candida Martinelli Neves (PL, 9 votos);Topazio Silveira Neto (70,4%);"{""Topazio Silveira Neto"": 70.4, ""Vanderlei Farias"": 7.7, ""Marcos José De Abreu"": 7.3, ""Pedro De Assis Silvestre"": 7.2, ""Dário Elias Berger"": 7.0, ""Rogerio Silva Portanova"": 0.3}";0,0000;0,0000;0,1335;0,1253;0,0738;0,5632;0,0570;0,1626;0,0990;0,8218;False;22,9000
Z100-L1503;ESCOLA DE ENSINO BÁSICO DE MUQUEM;RUA MANOEL PETRONILHO DA SILVEIRA, 1;MUQUEM RIO VERMELHO;Rio Vermelho;Norte da Ilha;88060100;-27,4696;-48,4163;3576,0000;3576,0000;4047,0000;9,0000;2885,0000;0,1932;2526,0000;31,0000;0,0123;406,0000;0,1607;437,0000;0,1730;2465,0000;114,0000;0,0462;481,0000;0,1951;595,0000;0,2414;1206,0000;0,4329;13,0000;0,0049;599,0000;0,2248;2619,0000;34,0000;0,0130;1104,0000;0,4215;1138,0000;0,4345;João Paulo Ferreira (PL, 843 votos) | Giliard Eliezer Batista Torquato (PL, 81 votos) | Manuel Cristovão Augusto Junior (PL, 36 votos);Topazio Silveira Neto (65,4%);"{""Topazio Silveira Neto"": 65.4, ""Marcos José De Abreu"": 16.9, ""Vanderlei Farias"": 7.2, ""Dário Elias Berger"": 6.2, ""Pedro De Assis Silvestre"": 4.1, ""Brunno Andrade Dias"": 0.1, ""Carlos Rogério Muller"": 0.0, ""Mateus Souza"": 0.0}";0,0000;0,0000;0,1720;0,1435;0,1482;0,5682;0,2264;0,1056;0,4144;0,0000;False;22,2000
Z12-L1139;NÚCLEO DE EDUCAÇÃO INFANTIL MUNICIPAL SÉRGIO GRANDO;RUA CRUZ E SOUZA N. 308;CENTRO;Centro;Centro;88020710;-27,5843;-48,5409;638,0000;638,0000;634,0000;3,0000;542,0000;0,1505;511,0000;11,0000;0,0215;64,0000;0,1252;75,0000;0,1468;499,0000;33,0000;0,0661;77,0000;0,1543;110,0000;0,2204;219,0000;0,4109;4,0000;0,0078;104,0000;0,2031;477,0000;10,0000;0,0210;38,0000;0,0797;48,0000;0,1006;Ana Candida Martinelli Neves (PL, 6 votos) | Manoella Vieira Da Silva (PL, 6 votos) | Thiago Jose De Chaves (NOVO, 5 votos);Topazio Silveira Neto (61,3%);"{""Topazio Silveira Neto"": 61.3, ""Marcos José De Abreu"": 12.9, ""Vanderlei Farias"": 10.6, ""Pedro De Assis Silvestre"": 8.1, ""Dário Elias Berger"": 6.9, ""Brunno Andrade Dias"": 0.2}";0,0000;0,0000;0,0878;0,2382;0,1975;0,5172;0,0389;0,1791;0,0739;0,8243;False;22,0000
Z13-L1406;ESCOLA BÁSICA MUNICIPAL COSTA DE DENTRO;ESTRADA JOÃO BELARMINO DA SILVA, N. 2550;COSTA DE DENTRO;Açores;Sul da Ilha;88067200;-27,7850;-48,5308;764,0000;764,0000;776,0000;2,0000;664,0000;0,1309;620,0000;12,0000;0,0194;125,0000;0,2016;137,0000;0,2210;617,0000;38,0000;0,0616;115,0000;0,1864;153,0000;0,2480;270,0000;0,4167;16,0000;0,0253;131,0000;0,2073;563,0000;6,0000;0,0107;86,0000;0,1528;92,0000;0,1634;Alex Fabiano Wehrle (PL, 39 votos) | Gilberto Alcebiades Pinheiro (PL, 9 votos) | Giliard Eliezer Batista Torquato (PL, 8 votos);Topazio Silveira Neto (44,2%);"{""Topazio Silveira Neto"": 44.2, ""Marcos José De Abreu"": 34.3, ""Pedro De Assis Silvestre"": 8.8, ""Dário Elias Berger"": 7.6, ""Vanderlei Farias"": 5.1}";0,0000;0,0000;0,0733;0,2801;0,3403;0,5393;0,0710;0,1335;0,0885;0,7806;False;21,8000
Z12-L1732;NÚCLEO DE EDUCAÇÃO INFANTIL MUNICIPAL CELSO RAMOS;RUA PROFESSOR ALDO CÂMARA DA SILVA, N. 120;PRAINHA;Centro;Centro;88020200;-27,6038;-48,5472;1017,0000;1017,0000;1023,0000;8,0000;829,0000;0,1849;742,0000;3,0000;0,0040;88,0000;0,1186;91,0000;0,1226;740,0000;20,0000;0,0270;80,0000;0,1081;100,0000;0,1351;257,0000;0,3204;9,0000;0,0116;130,0000;0,1671;736,0000;4,0000;0,0054;96,0000;0,1304;100,0000;0,1359;Ana Candida Martinelli Neves (PL, 36 votos) | Giliard Eliezer Batista Torquato (PL, 21 votos) | Pedro Neves Bueno Cordoba (PL, 8 votos);Topazio Silveira Neto (58,6%);"{""Topazio Silveira Neto"": 58.6, ""Marcos José De Abreu"": 12.9, ""Vanderlei Farias"": 10.3, ""Pedro De Assis Silvestre"": 10.2, ""Dário Elias Berger"": 7.7, ""Rogerio Silva Portanova"": 0.3}";0,0000;0,0000;0,0875;0,2262;0,1121;0,5379;0,0472;0,0387;0,1179;0,9503;False;21,6000
Z13-L1376;NEI - NÚCLEO DE EDUCAÇÃO INFANTIL - CAIEIRA DA BARRA DO SUL;RODOVIA BALDICERO FILOMENO, N. 19795;CAIEIRA DA BARRA DO SUL;Caieira;Sul da Ilha;88064002;-27,8116;-48,5590;687,0000;687,0000;683,0000;2,0000;586,0000;0,1470;526,0000;4,0000;0,0076;101,0000;0,1920;105,0000;0,1996;514,0000;33,0000;0,0642;123,0000;0,2393;156,0000;0,3035;260,0000;0,4635;4,0000;0,0073;142,0000;0,2577;521,0000;6,0000;0,0115;77,0000;0,1478;83,0000;0,1593;Gilberto Alcebiades Pinheiro (PL, 44 votos) | Giliard Eliezer Batista Torquato (PL, 8 votos) | Ademar Rodrigues Meireles (PL, 5 votos);Topazio Silveira Neto (54,6%);"{""Topazio Silveira Neto"": 54.6, ""Marcos José De Abreu"": 22.7, ""Dário Elias Berger"": 8.9, ""Vanderlei Farias"": 7.5, ""Pedro De Assis Silvestre"": 6.3}";0,0000;0,0000;0,0670;0,2926;0,1426;0,4978;0,0544;0,0771;0,0796;0,8466;False;20,4000
Z100-L1252;IGREJA SÃO BRAS - SALÃO PAROQUIAL (MITRA METROPOLITANA);RUA MANOEL LEONCIO DE SOUZA BRITO, 549;VARGEM PEQUENA;Vargem Pequena;Norte da Ilha;88054000;-27,4697;-48,4612;785,0000;785,0000;773,0000;2,0000;674,0000;0,1414;597,0000;9,0000;0,0151;108,0000;0,1809;117,0000;0,1960;594,0000;44,0000;0,0741;107,0000;0,1801;151,0000;0,2542;350,0000;0,5360;10,0000;0,0158;157,0000;0,2488;584,0000;7,0000;0,0120;62,0000;0,1062;69,0000;0,1182;João Paulo Ferreira (PL, 17 votos) | Giliard Eliezer Batista Torquato (PL, 9 votos) | Marcelo Fernando De Oliveira (PL, 9 votos);Topazio Silveira Neto (65,2%);"{""Topazio Silveira Neto"": 65.2, ""Marcos José De Abreu"": 13.1, ""Dário Elias Berger"": 8.9, ""Vanderlei Farias"": 8.4, ""Pedro De Assis Silvestre"": 4.4}";0,0000;0,0000;0,0803;0,2318;0,1643;0,5248;0,0606;0,1164;0,0910;0,7030;False;19,6000
Z13-L1643;ESCOLA DESDOBRADA COSTA DA LAGOA;ESTRADA GERAL COSTA DA LAGOA S/N;COSTA DA LAGOA;Saco Grande;Centro;88602300;-27,5429;-48,4603;588,0000;588,0000;593,0000;2,0000;529,0000;0,1003;492,0000;3,0000;0,0061;38,0000;0,0772;41,0000;0,0833;494,0000;14,0000;0,0283;24,0000;0,0486;38,0000;0,0769;195,0000;0,3824;2,0000;0,0041;113,0000;0,2292;495,0000;1,0000;0,0020;45,0000;0,0909;46,0000;0,0929;Giliard Eliezer Batista Torquato (PL, 11 votos) | João Paulo Ferreira (PL, 9 votos) | Manuel Cristovão Augusto Junior (PL, 9 votos);Topazio Silveira Neto (59,2%);"{""Topazio Silveira Neto"": 59.2, ""Marcos José De Abreu"": 23.1, ""Vanderlei Farias"": 6.7, ""Pedro De Assis Silvestre"": 5.9, ""Dário Elias Berger"": 4.9, ""Rogerio Silva Portanova"": 0.2}";0,0000;0,0000;0,0952;0,2330;0,1446;0,4779;0,0212;0,0376;0,0681;0,9642;False;19,5000
Z13-L1899;ESCOLA BÁSICA MUNICIPAL ADOTIVA LIBERATO VALENTIM;AVENIDA JORGE LACERDA, N. 1559;COSTEIRA DO PIRAJUBAÉ;Costeira do Pirajubaé;Centro;88047001;-27,6323;-48,5235;2193,0000;2193,0000;2140,0000;6,0000;1810,0000;0,1746;1584,0000;24,0000;0,0152;262,0000;0,1654;286,0000;0,1806;1545,0000;95,0000;0,0615;277,0000;0,1793;372,0000;0,2408;808,0000;0,4706;11,0000;0,0067;336,0000;0,2045;1443,0000;24,0000;0,0166;531,0000;0,3680;555,0000;0,3846;Gilberto Alcebiades Pinheiro (PL, 428 votos) | João Ricardo Padilha Santos (PL, 18 votos) | Manoella Vieira Da Silva (PL, 12 votos);Topazio Silveira Neto (65,0%);"{""Topazio Silveira Neto"": 65.0, ""Marcos José De Abreu"": 14.1, ""Dário Elias Berger"": 7.4, ""Pedro De Assis Silvestre"": 7.3, ""Vanderlei Farias"": 6.1, ""Rogerio Silva Portanova"": 0.1}";0,0000;0,0000;0,0994;0,1017;0,1249;0,5303;0,1482;0,1324;0,2541;0,2199;False;19,5000
Z13-L1414;ESCOLA DE ENSINO FUNDAMENTAL BALDICERO FILOMENO;RUA PEDRO MANOEL DA SILVEIRA, N. 230,;TAPERA - PEDREGAL;Morro do Peralta;Sul da Ilha;88049520;-27,6936;-48,5479;704,0000;704,0000;703,0000;2,0000;608,0000;0,1364;533,0000;4,0000;0,0075;57,0000;0,1069;61,0000;0,1144;516,0000;16,0000;0,0310;70,0000;0,1357;86,0000;0,1667;260,0000;0,4626;1,0000;0,0018;92,0000;0,1652;546,0000;2,0000;0,0037;44,0000;0,0806;46,0000;0,0842;Gilberto Alcebiades Pinheiro (PL, 25 votos) | Giliard Eliezer Batista Torquato (PL, 4 votos) | Ademar Rodrigues Meireles (PL, 2 votos);Topazio Silveira Neto (55,7%);"{""Topazio Silveira Neto"": 55.7, ""Dário Elias Berger"": 24.7, ""Marcos José De Abreu"": 8.6, ""Vanderlei Farias"": 6.3, ""Pedro De Assis Silvestre"": 4.8}";0,0000;0,0000;0,1136;0,1918;0,0497;0,5043;0,0316;0,0502;0,0816;0,8853;False;19,3000
Z13-L1678;ESCOLA DESDOBRADA RETIRO DA LAGOA;RUA PREFEITO ACACIO GARIBALDI SAO THIAGO, 210;RETIRO DA LAGOA;Retiro;Leste/Lagoa;88062420;-27,6106;-48,4420;728,0000;728,0000;755,0000;2,0000;604,0000;0,1703;568,0000;13,0000;0,0229;104,0000;0,1831;117,0000;0,2060;553,0000;45,0000;0,0814;98,0000;0,1772;143,0000;0,2586;305,0000;0,5187;9,0000;0,0158;177,0000;0,3100;551,0000;9,0000;0,0163;46,0000;0,0835;55,0000;0,0998;Manuel Cristovão Augusto Junior (PL, 10 votos) | João Ricardo Padilha Santos (PL, 6 votos) | Pedro Neves Bueno Cordoba (PL, 6 votos);Topazio Silveira Neto (58,4%);"{""Topazio Silveira Neto"": 58.4, ""Marcos José De Abreu"": 21.0, ""Pedro De Assis Silvestre"": 10.3, ""Dário Elias Berger"": 6.5, ""Vanderlei Farias"": 3.6, ""Rogerio Silva Portanova"": 0.2}";0,0000;0,0000;0,0659;0,2582;0,2706;0,5508;0,0606;0,1704;0,0844;0,5946;False;19,2000
Z12-L1740;CENTRO EDUCACIONAL MARISTA LÚCIA MAYVORNE;RUA GENERAL VIEIRA DA ROSA,  N. 1050;MORRO DA CAIXA;Centro;Centro;88020420;-27,5914;-48,5368;1020,0000;1020,0000;1052,0000;3,0000;819,0000;0,1971;718,0000;2,0000;0,0028;40,0000;0,0557;42,0000;0,0585;708,0000;19,0000;0,0268;35,0000;0,0494;54,0000;0,0763;125,0000;0,1572;3,0000;0,0041;67,0000;0,0910;740,0000;10,0000;0,0135;113,0000;0,1527;123,0000;0,1662;Giliard Eliezer Batista Torquato (PL, 47 votos) | João Paulo Ferreira (PL, 43 votos) | Manoella Vieira Da Silva (PL, 8 votos);Topazio Silveira Neto (49,4%);"{""Topazio Silveira Neto"": 49.4, ""Dário Elias Berger"": 17.7, ""Marcos José De Abreu"": 17.6, ""Vanderlei Farias"": 10.9, ""Pedro De Assis Silvestre"": 4.1, ""Rogerio Silva Portanova"": 0.3, ""Mateus Souza"": 0.1}";0,0000;0,0000;0,2108;0,1127;0,0461;0,5706;0,0218;0,0595;0,1182;0,5886;False;15,0000
Z12-L2453;PARÓQUIA IGREJA SÃO JOÃO BATISTA E SANTA LUZIA;RUA ISAURA COMICHOLE PÍRES, N. 102;CAPOEIRAS;Capoeiras;Continente;88090130;-27,5983;-48,5969;265,0000;;265,0000;;;;;;;;;;;;;;;;;;;;;;;;190,0000;4,0000;0,0211;28,0000;0,1474;32,0000;0,1684;Alex Fabiano Wehrle (PL, 5 votos) | Manoella Vieira Da Silva (PL, 5 votos) | Pedro Neves Bueno Cordoba (PL, 5 votos);Topazio Silveira Neto (58,0%);"{""Topazio Silveira Neto"": 58.0, ""Marcos José De Abreu"": 23.0, ""Pedro De Assis Silvestre"": 7.5, ""Dário Elias Berger"": 5.5, ""Vanderlei Farias"": 4.5, ""Rogerio Silva Portanova"": 1.5}";;;;;;;0,0000;0,1416;0,0307;0,8853;True;0,0000
Z100-L1880;NEIM ALTINO DEALTINO CABRAL;RUA PADRE LOURENÇO RODRIGUES DE ANDRADE, 120;SANTO ANTÔNIO DE LISBOA;Santo Antônio;Centro;88050400;-27,5028;-48,5156;95,0000;;95,0000;;;;;;;;;;;;;;;;;;;;;;;;78,0000;4,0000;0,0513;13,0000;0,1667;17,0000;0,2179;Ingo Camara Althoff (PL, 4 votos) | João Paulo Ferreira (PL, 3 votos) | Rafael Luiz Marques Ary (NOVO, 3 votos);Topazio Silveira Neto (62,5%);"{""Topazio Silveira Neto"": 62.5, ""Marcos José De Abreu"": 22.5, ""Dário Elias Berger"": 6.2, ""Pedro De Assis Silvestre"": 6.2, ""Vanderlei Farias"": 2.5}";;;;;;;0,0000;0,3450;0,0110;0,8853;True;0,0000
Z100-L1856;NEIM VILA UNIÃO;ESTRADA ANAROLINA SILVEIRA SANTOS, S/N (RUA RAMOS, 5 QUADRA E);VARGEM DO BOM JESUS;Vargem do Bom Jesus;Norte da Ilha;88056590;-27,4403;-48,4245;59,0000;;59,0000;;;;;;;;;;;;;;;;;;;;;;;;34,0000;0,0000;0,0000;5,0000;0,1471;5,0000;0,1471;Alex Fabiano Wehrle (PL, 2 votos) | Ana Candida Martinelli Neves (PL, 1 votos) | João Paulo Ferreira (PL, 1 votos);Topazio Silveira Neto (73,5%);"{""Topazio Silveira Neto"": 73.5, ""Marcos José De Abreu"": 14.7, ""Dário Elias Berger"": 11.8}";;;;;;;0,0000;0,0000;0,0068;0,8853;True;0,0000
Z12-L2356;NÚCLEO DE EDUCAÇÃO INFANTIL MUNICIPAL OTÍLIA CRUZ;RUA PROFESSORA OTÍLIA CRUZ N. 482;COLONINHA;Jardim Atlântico;Continente;88095080;-27,5831;-48,5903;173,0000;;173,0000;;;;;;;;;;;;;;;;;;;;;;;;123,0000;6,0000;0,0488;14,0000;0,1138;20,0000;0,1626;Alex Fabiano Wehrle (PL, 3 votos) | Manoella Vieira Da Silva (PL, 3 votos) | Ingo Camara Althoff (PL, 2 votos);Topazio Silveira Neto (66,4%);"{""Topazio Silveira Neto"": 66.4, ""Marcos José De Abreu"": 16.8, ""Pedro De Assis Silvestre"": 7.2, ""Vanderlei Farias"": 4.8, ""Dário Elias Berger"": 3.2, ""Carlos Rogério Muller"": 0.8, ""Rogerio Silva Portanova"": 0.8}";;;0,2941;0,0784;0,3333;0,5098;0,0000;0,3282;0,0200;0,8853;True;0,0000
Z12-L2364;NÚCLEO DE EDUCAÇÃO INFANTIL MUNICIPAL MARIA BARREIROS;RUA JOÃO EVANGELISTA DA COSTA, N. 455;COLONINHA;Coloninha;Continente;88090300;-27,5888;-48,5911;151,0000;151,0000;1762,0000;2,0000;129,0000;0,1457;118,0000;1,0000;0,0085;32,0000;0,2712;33,0000;0,2797;119,0000;15,0000;0,1261;24,0000;0,2017;39,0000;0,3277;62,0000;0,4882;1,0000;0,0082;40,0000;0,3279;1176,0000;29,0000;0,0247;155,0000;0,1318;184,0000;0,1565;Manoella Vieira Da Silva (PL, 30 votos) | Gilberto Alcebiades Pinheiro (PL, 13 votos) | João Ricardo Padilha Santos (PL, 12 votos);Topazio Silveira Neto (56,0%);"{""Topazio Silveira Neto"": 56.0, ""Marcos José De Abreu"": 18.6, ""Pedro De Assis Silvestre"": 12.1, ""Vanderlei Farias"": 7.5, ""Dário Elias Berger"": 5.8, ""Rogerio Silva Portanova"": 0.1}";0,0000;0,0000;0,2100;0,0900;0,3900;0,5800;0,0171;0,1257;0,0175;0,5294;True;0,0000
Z12-L2380;NÚCLEO DE EDUCAÇÃO INFANTIL MUNICIPAL CELSO RAMOS;RUA PROFESSOR ALDO CÂMARA DA SILVA, 120;PRAINHA;Centro;Centro;88020200;-27,6043;-48,5469;0,0000;0,0000;;2,0000;81,0000;;79,0000;7,0000;0,0886;7,0000;0,0886;14,0000;0,1772;79,0000;10,0000;0,1266;17,0000;0,2152;27,0000;0,3418;161,0000;0,4171;1,0000;0,0125;18,0000;0,2250;;;;;;;;;;;0,0000;0,0000;;;;;0,0073;0,8941;0,0000;0,8853;True;0,0000
Z12-L2399;PENITENCIÁRIA DE FLORIANÓPOLIS;RUA DELMINDA DA SILVEIRA, 960;AGRONÔMICA;Agronômica;Centro;88025500;-27,5779;-48,5268;0,0000;0,0000;;1,0000;46,0000;;27,0000;0,0000;0,0000;1,0000;0,0370;1,0000;0,0370;28,0000;0,0000;0,0000;2,0000;0,0714;2,0000;0,0714;4,0000;0,0909;1,0000;0,0244;1,0000;0,0244;;;;;;;;;;;0,0000;0,0000;;;;;0,0005;0,0000;0,0000;0,8853;True;0,0000
Z12-L2429;INSTITUTO FEDERAL DE SANTA CATARINA CAMPUS FLORIANÓPOLIS CONTINENTE;RUA QUATORZE DE JULHO, N 150;COQUEIROS;Coqueiros;Continente;88075010;-27,5995;-48,5722;0,0000;0,0000;;2,0000;114,0000;;111,0000;11,0000;0,0991;22,0000;0,1982;33,0000;0,2973;110,0000;13,0000;0,1182;32,0000;0,2909;45,0000;0,4091;244,0000;0,4775;7,0000;0,0625;31,0000;0,2768;;;;;;;;;;;2,0000;0,0606;;;;;0,0171;1,0000;0,0000;0,8853;True;0,0000
Z12-L2445;COLÉGIO SALVATORIANO PADRE JORDAN;RUA CORONEL CAETANO COSTA, N 501;JARDIM ATLÂNTICO;Coloninha;Continente;88090340;-27,5880;-48,5928;301,0000;;301,0000;;;;;;;;;;;;;;;;;;;;;;;;229,0000;13,0000;0,0568;45,0000;0,1965;58,0000;0,2533;Ingo Camara Althoff (PL, 7 votos) | Giliard Eliezer Batista Torquato (PL, 6 votos) | Manoella Vieira Da Silva (PL, 5 votos);Topazio Silveira Neto (60,5%);"{""Topazio Silveira Neto"": 60.5, ""Marcos José De Abreu"": 20.6, ""Pedro De Assis Silvestre"": 8.4, ""Vanderlei Farias"": 7.6, ""Dário Elias Berger"": 2.9}";;;;;;;0,0000;0,3819;0,0349;0,8853;True;0,0000
Z13-L1910;PRESÍDIO FEMININO DE FLORIANÓPOLIS;RUA LAURO LINHARES, S/N;TRINDADE;Trindade;Centro;88025500;-27,5903;-48,5218;0,0000;0,0000;;1,0000;27,0000;;23,0000;0,0000;0,0000;2,0000;0,0870;2,0000;0,0870;24,0000;0,0000;0,0000;0,0000;0,0000;0,0000;0,0000;2,0000;0,0625;;;4,0000;0,1481;;;;;;;;;;;0,0000;0,0000;;;;;0,0010;0,0000;0,0000;0,8853;True;0,0000
Z12-L2470;BAIRRO EDUCADOR MONTE CRISTO;SERVIDÃO MARIA SALETE DUTRA, N. 127;MONTE CRISTO;Monte Cristo;Continente;88090575;-27,5919;-48,6032;98,0000;;98,0000;;;;;;;;;;;;;;;;;;;;;;;;63,0000;1,0000;0,0159;4,0000;0,0635;5,0000;0,0794;Alex Fabiano Wehrle (PL, 1 votos) | Ana Candida Martinelli Neves (PL, 1 votos) | Carla Danielle Correa (NOVO, 1 votos);Topazio Silveira Neto (63,6%);"{""Topazio Silveira Neto"": 63.6, ""Vanderlei Farias"": 15.2, ""Marcos José De Abreu"": 12.1, ""Dário Elias Berger"": 4.5, ""Pedro De Assis Silvestre"": 3.0, ""Rogerio Silva Portanova"": 1.5}";;;;;;;0,0000;0,1068;0,0114;0,8853;True;0,0000
Z13-L1686;NEI CANTO DA LAGOA;RUA LAURINDO JANUÁRIO DA SILVEIRA, N. 2493;CANTO DA LAGOA;Canto da Lagoa;Leste/Lagoa;88062201;-27,6160;-48,4845;327,0000;327,0000;330,0000;1,0000;273,0000;0,1651;253,0000;13,0000;0,0514;31,0000;0,1225;44,0000;0,1739;253,0000;25,0000;0,0988;26,0000;0,1028;51,0000;0,2016;77,0000;0,2906;13,0000;0,0506;45,0000;0,1751;213,0000;14,0000;0,0657;24,0000;0,1127;38,0000;0,1784;Katia Chubaci (PL, 8 votos) | Felipe Keizo Goto (NOVO, 4 votos) | Manuel Cristovão Augusto Junior (PL, 4 votos);Marcos José De Abreu (45,4%);"{""Marcos José De Abreu"": 45.4, ""Topazio Silveira Neto"": 43.6, ""Pedro De Assis Silvestre"": 4.6, ""Vanderlei Farias"": 4.1, ""Dário Elias Berger"": 2.3}";0,0000;0,0000;0,1193;0,1529;0,4740;0,5963;0,0228;0,4803;0,0379;0,9837;True;0,0000
Z100-L1864;NEIM JUDITE FERNANDES DE LIMA;RODOVIA JOÃO PAULO, 1268;JOÃO PAULO;João Paulo;Centro;88010102;-27,5618;-48,5129;186,0000;;186,0000;;;;;;;;;;;;;;;;;;;;;;;;148,0000;22,0000;0,1486;24,0000;0,1622;46,0000;0,3108;Felipe Keizo Goto (NOVO, 5 votos) | Giliard Eliezer Batista Torquato (PL, 5 votos) | Ingo Camara Althoff (PL, 5 votos);Topazio Silveira Neto (64,3%);"{""Topazio Silveira Neto"": 64.3, ""Marcos José De Abreu"": 21.0, ""Pedro De Assis Silvestre"": 7.0, ""Vanderlei Farias"": 4.5, ""Dário Elias Berger"": 2.5, ""Carlos Rogério Muller"": 0.6}";;;;;;;0,0000;1,0000;0,0216;0,8853;True;0,0000
Z13-L1996;ESCOLA DE EDUCAÇÃO BÁSICA PORTO DO RIO TAVARES;RODOVIA SC - 405, 356;RIO TAVARES;Campeche Central;Sul da Ilha;88063700;-27,6642;-48,5024;263,0000;;263,0000;;;;;;;;;;;;;;;;;;;;;;;;170,0000;1,0000;0,0059;37,0000;0,2176;38,0000;0,2235;Gilberto Alcebiades Pinheiro (PL, 22 votos) | Ana Candida Martinelli Neves (PL, 4 votos) | Giliard Eliezer Batista Torquato (PL, 2 votos);Topazio Silveira Neto (49,4%);"{""Topazio Silveira Neto"": 49.4, ""Marcos José De Abreu"": 37.2, ""Dário Elias Berger"": 8.1, ""Vanderlei Farias"": 2.9, ""Pedro De Assis Silvestre"": 2.3}";;;;;;;0,0000;0,0396;0,0305;0,8853;True;0,0000
Z13-L1961;ESCOLA BÁSICA MUNICIPAL JOSÉ JACINTO CARDOSO;RUA MARCUS AURÉLIO HOMEM, 132;SERRINHA;Trindade;Centro;88040440;-27,5966;-48,5266;50,0000;;50,0000;;;;;;;;;;;;;;;;;;;;;;;;41,0000;2,0000;0,0488;4,0000;0,0976;6,0000;0,1463;Anderson Carlos Nascimento (NOVO, 2 votos) | Giliard Eliezer Batista Torquato (PL, 2 votos) | Monaliza Fittarelli Tonin (PL, 2 votos);Topazio Silveira Neto (59,1%);"{""Topazio Silveira Neto"": 59.1, ""Marcos José De Abreu"": 27.3, ""Dário Elias Berger"": 9.1, ""Pedro De Assis Silvestre"": 4.5}";;;;;;;0,0000;0,3282;0,0058;0,8853;True;0,0000
Z13-L1970;NEIM FERMINIO FRANSCISCO VIEIRA;RUA SEBASTIÃO DA SILVA, 250;CORREGO GRANDE;Córrego Grande;Centro;88037400;-27,6028;-48,5042;427,0000;;427,0000;;;;;;;;;;;;;;;;;;;;;;;;359,0000;18,0000;0,0501;27,0000;0,0752;45,0000;0,1253;Rafael Luiz Marques Ary (NOVO, 7 votos) | João Ricardo Padilha Santos (PL, 5 votos) | Gabriel Cesar De Andrade (NOVO, 4 votos);Topazio Silveira Neto (50,5%);"{""Topazio Silveira Neto"": 50.5, ""Marcos José De Abreu"": 39.5, ""Vanderlei Farias"": 4.6, ""Pedro De Assis Silvestre"": 2.7, ""Dário Elias Berger"": 2.4, ""Mateus Souza"": 0.3}";;;;;;;0,0000;0,3373;0,0495;0,8853;True;0,0000
Z13-L2003;NEIM ANIRSON ANTÔNIO DAS CHAGAS;RODOVIA DR. ANTÔNIO LUIZ MOURA GONZAGA, 2023;RIO TAVARES;Rio Tavares do Norte;Sul da Ilha;88048414;-27,6494;-48,4781;258,0000;;258,0000;;;;;;;;;;;;;;;;;;;;;;;;212,0000;4,0000;0,0189;31,0000;0,1462;35,0000;0,1651;Gilberto Alcebiades Pinheiro (PL, 19 votos) | Manoella Vieira Da Silva (PL, 6 votos) | Gabriel Cesar De Andrade (NOVO, 2 votos);Marcos José De Abreu (54,2%);"{""Marcos José De Abreu"": 54.2, ""Topazio Silveira Neto"": 37.0, ""Pedro De Assis Silvestre"": 3.2, ""Dário Elias Berger"": 2.8, ""Vanderlei Farias"": 2.8}";;;;;;;0,0000;0,1269;0,0299;0,8853;True;0,0000
Z13-L2011;NEIM CAMPECHE;SERVIDÃO DIONÍSIO RAFHAEL IGNÁCIO, 287;CAMPECHE;Campeche Leste;Sul da Ilha;88010102;-27,6861;-48,4848;139,0000;;139,0000;;;;;;;;;;;;;;;;;;;;;;;;108,0000;0,0000;0,0000;32,0000;0,2963;32,0000;0,2963;Gilberto Alcebiades Pinheiro (PL, 20 votos) | Giliard Eliezer Batista Torquato (PL, 2 votos) | Ingo Camara Althoff (PL, 2 votos);Marcos José De Abreu (46,8%);"{""Marcos José De Abreu"": 46.8, ""Topazio Silveira Neto"": 44.0, ""Vanderlei Farias"": 3.7, ""Dário Elias Berger"": 2.8, ""Pedro De Assis Silvestre"": 2.8}";;;;;;;0,0000;0,0000;0,0161;0,8853;True;0,0000
Z13-L2038;NEIM IDALINA OCHÔA;RUA VEREADOR OSVALDO BITTENCOURT, 102;CARIANOS;Carianos;Sul da Ilha;88047700;-27,6662;-48,5366;482,0000;;482,0000;;;;;;;;;;;;;;;;;;;;;;;;372,0000;1,0000;0,0027;48,0000;0,1290;49,0000;0,1317;Gilberto Alcebiades Pinheiro (PL, 21 votos) | Giliard Eliezer Batista Torquato (PL, 6 votos) | Edupercio Pratts (PL, 3 votos);Topazio Silveira Neto (65,1%);"{""Topazio Silveira Neto"": 65.1, ""Marcos José De Abreu"": 17.2, ""Vanderlei Farias"": 6.7, ""Pedro De Assis Silvestre"": 6.2, ""Dário Elias Berger"": 4.6, ""Rogerio Silva Portanova"": 0.3}";;;;;;;0,0000;0,0181;0,0559;0,8853;True;0,0000
Z13-L2046;NEIM ORISVALDINA SILVA;SERVIDÃO RUTH BASTOS DE OLIVEIRA, 75;LAGOA DA CONCEIÇÃO;Lagoa;Leste/Lagoa;88062308;-27,5995;-48,4705;88,0000;;88,0000;;;;;;;;;;;;;;;;;;;;;;;;69,0000;4,0000;0,0580;4,0000;0,0580;8,0000;0,1159;Manoella Vieira Da Silva (PL, 2 votos) | Vanderlei Pinto (NOVO, 2 votos) | Felipe Keizo Goto (NOVO, 1 votos);Marcos José De Abreu (49,3%);"{""Marcos José De Abreu"": 49.3, ""Topazio Silveira Neto"": 43.7, ""Pedro De Assis Silvestre"": 4.2, ""Vanderlei Farias"": 2.8}";;;;;;;0,0000;0,3900;0,0102;0,8853;True;0,0000
